video_id,url,detected_drug,matched_surface_term,drug_confidence,auto_label,auto_label_text,auto_label_confidence,llm_label,llm_label_text,llm_confidence,llm_status,model_label,rule_label,active_learning_priority,oav_triple_count,ontology_mapping_count,behavior_cv_summary,education_top_action,education_category,education_score,validation_status,pending_review_count,completeness_score
6803865388619730182,https://www.tiktokv.com/share/video/6803865388619730182/,MDMA (Ecstasy),ecstasy,0.82,2,Misuse-related evidence,,,,,not_run_for_this_video,,,,3,0,,,,,needs_human_validation,4,0.778
6831059637354220805,https://www.tiktokv.com/share/video/6831059637354220805/,Cocaine,coke,0.82,2,Misuse-related evidence,,,,,not_run_for_this_video,,,,5,0,,,,,needs_human_validation,6,0.778
6842741582781893894,https://www.tiktokv.com/share/video/6842741582781893894/,MDMA (Ecstasy),e pills,0.82,2,Misuse-related evidence,,,,,not_run_for_this_video,,,,3,0,,,,,needs_human_validation,4,0.778
6852001284313140485,https://www.tiktokv.com/share/video/6852001284313140485/,,,,2,Misuse-related evidence,,,,,not_run_for_this_video,,,,0,0,,,,,no_current_flag,0,0.556
6852365460139183365,,,,,0,No clear misuse evidence,,,,,not_run_for_this_video,,,,0,0,,,,,no_current_flag,0,0.556
6855074530247953669,,,,,0,No clear misuse evidence,,,,,not_run_for_this_video,,,,0,0,,,,,no_current_flag,0,0.556
6879589020280687877,https://www.tiktokv.com/share/video/6879589020280687877/,,,,2,Misuse-related evidence,,,,,not_run_for_this_video,,,,0,0,,,,,no_current_flag,0,0.556
6886203348345687301,https://www.tiktokv.com/share/video/6886203348345687301/,,,,2,Misuse-related evidence,,,,,not_run_for_this_video,,,,0,0,,,,,no_current_flag,0,0.556
6886204715407838469,,,,,0,No clear misuse evidence,,,,,not_run_for_this_video,,,,0,0,,,,,no_current_flag,0,0.556
6892941050524994822,https://www.tiktokv.com/share/video/6892941050524994822/,,,,2,Misuse-related evidence,,,,,not_run_for_this_video,,,,0,0,,,,,no_current_flag,0,0.556
6894760102717377797,https://www.tiktokv.com/share/video/6894760102717377797/,Cocaine,blow,0.62,2,Misuse-related evidence,,,,,not_run_for_this_video,,,,5,0,,,,,needs_human_validation,6,0.778
6898478920857947398,https://www.tiktokv.com/share/video/6898478920857947398/,,,,2,Misuse-related evidence,,,,,not_run_for_this_video,,,,0,0,,,,,no_current_flag,0,0.556
6906678146653850885,,,,,0,No clear misuse evidence,,,,,not_run_for_this_video,,,,0,0,,,,,no_current_flag,0,0.556
6917044032686279942,,,,,0,No clear misuse evidence,,,,,not_run_for_this_video,,,,0,0,,,,,no_current_flag,0,0.556
6921129076254199045,https://www.tiktokv.com/share/video/6921129076254199045/,,,,2,Misuse-related evidence,,,,,not_run_for_this_video,,,,0,0,,,,,no_current_flag,0,0.556
6921247588624698626,,,,,0,No clear misuse evidence,,,,,not_run_for_this_video,,,,0,0,,,,,no_current_flag,0,0.556
6929968273974889734,https://www.tiktokv.com/share/video/6929968273974889734/,,,,3,High-risk / explicit review,,,,,not_run_for_this_video,,,,0,0,,,,,no_current_flag,0,0.556
6930508033365691653,,,,,0,No clear misuse evidence,,,,,not_run_for_this_video,,,,0,0,,,,,no_current_flag,0,0.556
6932960962605665541,https://www.tiktokv.com/share/video/6932960962605665541/,,,,2,Misuse-related evidence,,,,,not_run_for_this_video,,,,0,0,,,,,no_current_flag,0,0.556
6933749962182364422,https://www.tiktokv.com/share/video/6933749962182364422/,,,,2,Misuse-related evidence,,,,,not_run_for_this_video,,,,1,0,source: manual_behavior_annotation; file_name: tiktok_thewickedmunchies_6933749962182364422.mp4; description: NA - This video contains drug-related language via emojis. This video…,,,,no_current_flag,0,0.778
6934695815634046214,,,,,0,No clear misuse evidence,,,,,not_run_for_this_video,,,,0,0,,,,,no_current_flag,0,0.556
6935186601635007750,,,,,0,No clear misuse evidence,,,,,not_run_for_this_video,,,,0,0,,,,,no_current_flag,0,0.556
6935556892945026310,https://www.tiktokv.com/share/video/6935556892945026310/,Oxycodone,perks,0.82,2,Misuse-related evidence,,,,,not_run_for_this_video,,,,5,0,,,,,needs_human_validation,6,0.778
6936609875342544134,https://www.tiktokv.com/share/video/6936609875342544134/,,,,2,Misuse-related evidence,,,,,not_run_for_this_video,,,,0,0,,,,,no_current_flag,0,0.556
6942574688254168325,,,,,0,No clear misuse evidence,,,,,not_run_for_this_video,,,,0,0,,,,,no_current_flag,0,0.556
6944030417464872197,https://www.tiktokv.com/share/video/6944030417464872197/,,,,2,Misuse-related evidence,,,,,not_run_for_this_video,,,,0,0,,,,,no_current_flag,0,0.556
6947709676326833414,,,,,0,No clear misuse evidence,,,,,not_run_for_this_video,,,,0,0,,,,,no_current_flag,0,0.556
6951524182735867142,https://www.tiktokv.com/share/video/6951524182735867142/,Cannabis (THC),weed,0.82,2,Misuse-related evidence,,,,,not_run_for_this_video,,,,9,8,source: manual_behavior_annotation; file_name: tiktok_dave_mik_6951524182735867142.mp4; description: This video depicts one adult simulating the experience of a person smoking wee…,,,,needs_human_validation,4,1.0
6952925324438998278,,,,,0,No clear misuse evidence,,,,,not_run_for_this_video,,,,0,0,,,,,no_current_flag,0,0.556
6958547583979539717,,,,,0,No clear misuse evidence,,,,,not_run_for_this_video,,,,0,0,,,,,no_current_flag,0,0.556
6960906747770883333,https://www.tiktokv.com/share/video/6960906747770883333/,,,,2,Misuse-related evidence,,,,,not_run_for_this_video,,,,0,0,,,,,no_current_flag,0,0.556
6968872027000229125,,,,,0,No clear misuse evidence,,,,,not_run_for_this_video,,,,0,0,,,,,no_current_flag,0,0.556
6970338431910120710,,,,,2,Misuse-related evidence,,,,,not_run_for_this_video,,,,0,0,,,,,no_current_flag,0,0.556
6972966259214290182,,,,,0,No clear misuse evidence,,,,,not_run_for_this_video,,,,0,0,,,,,no_current_flag,0,0.556
6979073329877486854,https://www.tiktokv.com/share/video/6979073329877486854/,,,,2,Misuse-related evidence,,,,,not_run_for_this_video,,,,0,0,,,,,no_current_flag,0,0.556
6980641888671894790,https://www.tiktokv.com/share/video/6980641888671894790/,,,,2,Misuse-related evidence,,,,,not_run_for_this_video,,,,0,0,,,,,no_current_flag,0,0.556
6980844009195457797,https://www.tiktokv.com/share/video/6980844009195457797/,,,,2,Misuse-related evidence,,,,,not_run_for_this_video,,,,0,0,,,,,no_current_flag,0,0.556
6983892165587946754,,,,,0,No clear misuse evidence,,,,,not_run_for_this_video,,,,0,0,,,,,no_current_flag,0,0.556
6985273900464622854,https://www.tiktokv.com/share/video/6985273900464622854/,,,,2,Misuse-related evidence,,,,,not_run_for_this_video,,,,0,0,,,,,no_current_flag,0,0.556
6985593542320131334,,,,,3,High-risk / explicit review,,,,,not_run_for_this_video,,,,0,0,,,,,no_current_flag,0,0.556
6987051807554014469,https://www.tiktokv.com/share/video/6987051807554014469/,Codeine,lean,0.82,2,Misuse-related evidence,,,,,not_run_for_this_video,,,,5,0,,,,,needs_human_validation,6,0.778
6989491110011817221,https://www.tiktokv.com/share/video/6989491110011817221/,,,,2,Misuse-related evidence,,,,,not_run_for_this_video,,,,0,0,,,,,no_current_flag,0,0.556
6990766085314219269,https://www.tiktokv.com/share/video/6990766085314219269/,,,,2,Misuse-related evidence,,,,,not_run_for_this_video,,,,0,0,,,,,no_current_flag,0,0.556
6993844259677883653,,,,,0,No clear misuse evidence,,,,,not_run_for_this_video,,,,0,0,,,,,no_current_flag,0,0.556
6999672168044825861,https://www.tiktokv.com/share/video/6999672168044825861/,,,,2,Misuse-related evidence,,,,,not_run_for_this_video,,,,0,0,,,,,no_current_flag,0,0.556
7006404562781359365,https://www.tiktokv.com/share/video/7006404562781359365/,,,,2,Misuse-related evidence,,,,,not_run_for_this_video,,,,0,0,,,,,no_current_flag,0,0.556
7010052272667282693,,,,,0,No clear misuse evidence,,,,,not_run_for_this_video,,,,0,0,,,,,no_current_flag,0,0.556
7010121683033918725,https://www.tiktokv.com/share/video/7010121683033918725/,,,,2,Misuse-related evidence,,,,,not_run_for_this_video,,,,0,0,source: manual_behavior_annotation; file_name: https://ksuemailprod.sharepoint.com/sites/SPAR-KG/_layouts/15/stream.aspx?id=%2Fsites%2FSPAR%2DKG%2FShared%20Documents%2FKDD%20devel…,,,,no_current_flag,0,0.667
7013112428368071941,,,,,0,No clear misuse evidence,,,,,not_run_for_this_video,,,,0,0,,,,,no_current_flag,0,0.556
7017805850660113669,https://www.tiktokv.com/share/video/7017805850660113669/,rc,rc,0.46,2,Misuse-related evidence,,,,,not_run_for_this_video,,,,5,0,,,,,needs_human_validation,6,0.778
7024999222365801733,https://www.tiktokv.com/share/video/7024999222365801733/,,,,2,Misuse-related evidence,,,,,not_run_for_this_video,,,,0,0,,,,,no_current_flag,0,0.556
7025008866945436933,https://www.tiktokv.com/share/video/7025008866945436933/,PCP (Phencyclidine),Rocket Fuel,0.88,2,Misuse-related evidence,,,,,not_run_for_this_video,,,,5,0,,,,,needs_human_validation,4,0.778
7025810453850869019,,,,,0,No clear misuse evidence,,,,,not_run_for_this_video,,,,0,0,,,,,no_current_flag,0,0.556
7026510501681155375,https://www.tiktokv.com/share/video/7026510501681155375/,,,,2,Misuse-related evidence,,,,,not_run_for_this_video,,,,1,0,"source: manual_behavior_annotation; file_name: tiktok_tahtianasherdenn_7026510501681155375.mp4; description: NA - This video contains drug language, but no human behaviors related…",,,,no_current_flag,0,0.778
7028344714638232834,,,,,0,No clear misuse evidence,,,,,not_run_for_this_video,,,,0,0,,,,,no_current_flag,0,0.556
7033047525699357958,,,,,0,No clear misuse evidence,,,,,not_run_for_this_video,,,,0,0,,,,,no_current_flag,0,0.556
7035253800759725313,,,,,0,No clear misuse evidence,,,,,not_run_for_this_video,,,,0,0,,,,,no_current_flag,0,0.556
7046780743770557743,https://www.tiktokv.com/share/video/7046780743770557743/,,,,2,Misuse-related evidence,,,,,not_run_for_this_video,,,,0,0,,,,,no_current_flag,0,0.556
7050237796229025071,,,,,1,Weak / ambiguous drug reference,,,,,not_run_for_this_video,,,,0,0,,,,,no_current_flag,0,0.556
7052744099207580933,,,,,0,No clear misuse evidence,,,,,not_run_for_this_video,,,,0,0,,,,,no_current_flag,0,0.556
7054400892468170030,,,,,0,No clear misuse evidence,,,,,not_run_for_this_video,,,,0,0,,,,,no_current_flag,0,0.556
7054591842364460293,,,,,0,No clear misuse evidence,,,,,not_run_for_this_video,,,,0,0,,,,,no_current_flag,0,0.556
7055376262545657093,https://www.tiktokv.com/share/video/7055376262545657093/,,,,2,Misuse-related evidence,,,,,not_run_for_this_video,,,,0,0,,,,,no_current_flag,0,0.556
7061028453449190702,https://www.tiktokv.com/share/video/7061028453449190702/,,,,2,Misuse-related evidence,,,,,not_run_for_this_video,,,,0,0,,,,,no_current_flag,0,0.556
7062144228104604974,,,,,0,No clear misuse evidence,,,,,not_run_for_this_video,,,,0,0,,,,,no_current_flag,0,0.556
7065139095919512858,,,,,0,No clear misuse evidence,,,,,not_run_for_this_video,,,,0,0,,,,,no_current_flag,0,0.556
7072568178198547754,https://www.tiktokv.com/share/video/7072568178198547754/,,,,2,Misuse-related evidence,,,,,not_run_for_this_video,,,,0,0,,,,,no_current_flag,0,0.556
7073591143686098219,https://www.tiktokv.com/share/video/7073591143686098219/,,,,2,Misuse-related evidence,,,,,not_run_for_this_video,,,,0,0,,,,,no_current_flag,0,0.556
7073819756624612613,,,,,0,No clear misuse evidence,,,,,not_run_for_this_video,,,,0,0,,,,,no_current_flag,0,0.556
7075583170103545090,,,,,0,No clear misuse evidence,,,,,not_run_for_this_video,,,,0,0,,,,,no_current_flag,0,0.556
7078505574127684910,,,,,0,No clear misuse evidence,,,,,not_run_for_this_video,,,,0,0,,,,,no_current_flag,0,0.556
7080653491147902214,,,,,0,No clear misuse evidence,,,,,not_run_for_this_video,,,,0,0,,,,,no_current_flag,0,0.556
7085126938574048554,,,,,0,No clear misuse evidence,,,,,not_run_for_this_video,,,,0,0,,,,,no_current_flag,0,0.556
7091778027192929541,,,,,0,No clear misuse evidence,,,,,not_run_for_this_video,,,,0,0,,,,,no_current_flag,0,0.556
7092868451399748907,,,,,0,No clear misuse evidence,,,,,not_run_for_this_video,,,,0,0,,,,,no_current_flag,0,0.556
7092900497882893611,,,,,0,No clear misuse evidence,,,,,not_run_for_this_video,,,,0,0,,,,,no_current_flag,0,0.556
7093102548390874410,,,,,1,Weak / ambiguous drug reference,,,,,not_run_for_this_video,,,,0,0,,,,,no_current_flag,0,0.556
7098499626084355370,https://www.tiktokv.com/share/video/7098499626084355370/,Cannabis (THC),za,0.82,0,No clear misuse evidence,,,,,not_run_for_this_video,,,,3,0,,,,,needs_human_validation,4,0.778
7098519977644379435,,,,,0,No clear misuse evidence,,,,,not_run_for_this_video,,,,0,0,,,,,no_current_flag,0,0.556
7100561748293422378,https://www.tiktokv.com/share/video/7100561748293422378/,,,,3,High-risk / explicit review,,,,,not_run_for_this_video,,,,0,0,,,,,no_current_flag,0,0.556
7105109947456736558,https://www.tiktokv.com/share/video/7105109947456736558/,,,,2,Misuse-related evidence,,,,,not_run_for_this_video,,,,0,0,,,,,no_current_flag,0,0.556
7115545955553905963,,,,,0,No clear misuse evidence,,,,,not_run_for_this_video,,,,0,0,,,,,no_current_flag,0,0.556
7119029271208758533,https://www.tiktokv.com/share/video/7119029271208758533/,,,,2,Misuse-related evidence,,,,,not_run_for_this_video,,,,0,0,,,,,no_current_flag,0,0.556
7119968827277888794,,,,,0,No clear misuse evidence,,,,,not_run_for_this_video,,,,0,0,,,,,no_current_flag,0,0.556
7122800527506705707,,,,,0,No clear misuse evidence,,,,,not_run_for_this_video,,,,0,0,,,,,no_current_flag,0,0.556
7122954736814378245,,,,,0,No clear misuse evidence,,,,,not_run_for_this_video,,,,0,0,,,,,no_current_flag,0,0.556
7125733364878937346,,,,,0,No clear misuse evidence,,,,,not_run_for_this_video,,,,0,0,,,,,no_current_flag,0,0.556
7129226944910036270,,,,,0,No clear misuse evidence,,,,,not_run_for_this_video,,,,0,0,,,,,no_current_flag,0,0.556
7132431515681836334,,,,,0,No clear misuse evidence,,,,,not_run_for_this_video,,,,0,0,,,,,no_current_flag,0,0.556
7136779278481427754,https://www.tiktokv.com/share/video/7136779278481427754/,,,,2,Misuse-related evidence,,,,,not_run_for_this_video,,,,0,0,,,,,no_current_flag,0,0.556
7138098874257820974,,,,,0,No clear misuse evidence,,,,,not_run_for_this_video,,,,0,0,,,,,no_current_flag,0,0.556
7138553361292365099,,Alprazolam (Xanax®),Xanax,0.88,1,Weak / ambiguous drug reference,,,,,not_run_for_this_video,,,,13,0,,,,,needs_human_validation,10,0.778
7139808262052023598,https://www.tiktokv.com/share/video/7139808262052023598/,Methamphetamine,Methamphetamine,0.88,3,High-risk / explicit review,,,,,not_run_for_this_video,,,,20,0,,,,,needs_human_validation,22,0.778
7140714549145029889,,,,,0,No clear misuse evidence,,,,,not_run_for_this_video,,,,0,0,,,,,no_current_flag,0,0.556
7140759797065993518,,,,,0,No clear misuse evidence,,,,,not_run_for_this_video,,,,0,0,,,,,no_current_flag,0,0.556
7146279759235026222,https://www.tiktokv.com/share/video/7146279759235026222/,,,,2,Misuse-related evidence,,,,,not_run_for_this_video,,,,0,0,,,,,no_current_flag,0,0.556
7147414376390184198,,,,,0,No clear misuse evidence,,,,,not_run_for_this_video,,,,0,0,,,,,no_current_flag,0,0.556
7149386452235849003,,,,,0,No clear misuse evidence,,,,,not_run_for_this_video,,,,0,0,,,,,no_current_flag,0,0.556
7150683297939606830,,,,,0,No clear misuse evidence,,,,,not_run_for_this_video,,,,0,0,,,,,no_current_flag,0,0.556
7151282642418175278,https://www.tiktokv.com/share/video/7151282642418175278/,,,,2,Misuse-related evidence,,,,,not_run_for_this_video,,,,0,0,,,,,no_current_flag,0,0.556
7151529758172581166,,,,,1,Weak / ambiguous drug reference,,,,,not_run_for_this_video,,,,0,0,,,,,no_current_flag,0,0.556
7151736615369444650,,,,,0,No clear misuse evidence,,,,,not_run_for_this_video,,,,0,0,,,,,no_current_flag,0,0.556
7156038148722658606,,Fentanyl,Fentanyl,0.88,0,No clear misuse evidence,,,,,not_run_for_this_video,,,,15,0,,,,,needs_human_validation,12,0.778
7158184809880096042,,,,,0,No clear misuse evidence,,,,,not_run_for_this_video,,,,0,0,,,,,no_current_flag,0,0.556
7159573183446666539,https://www.tiktokv.com/share/video/7159573183446666539/,,,,2,Misuse-related evidence,,,,,not_run_for_this_video,,,,0,0,,,,,no_current_flag,0,0.556
7161408706981268779,,Metonitazene,Synthetic Opioid,0.88,1,Weak / ambiguous drug reference,,,,,not_run_for_this_video,,,,35,0,,,,,needs_human_validation,28,0.778
7166307428894608682,,,,,0,No clear misuse evidence,,,,,not_run_for_this_video,,,,0,0,,,,,no_current_flag,0,0.556
7167516701196635434,,,,,0,No clear misuse evidence,,,,,not_run_for_this_video,,,,0,0,,,,,no_current_flag,0,0.556
7168899684054928682,,,,,0,No clear misuse evidence,,,,,not_run_for_this_video,,,,0,0,,,,,no_current_flag,0,0.556
7170812031753440558,https://www.tiktokv.com/share/video/7170812031753440558/,,,,2,Misuse-related evidence,,,,,not_run_for_this_video,,,,0,0,,,,,no_current_flag,0,0.556
7173876923288833323,https://www.tiktokv.com/share/video/7173876923288833323/,Crack Cocaine,Hard,0.62,2,Misuse-related evidence,,,,,not_run_for_this_video,,,,5,0,,,,,needs_human_validation,6,0.778
7174627947200957738,https://www.tiktokv.com/share/video/7174627947200957738/,Psilocybin Mushrooms,shrooms,0.82,2,Misuse-related evidence,,,,,not_run_for_this_video,,,,8,0,,,,,needs_human_validation,10,0.778
7175245115680935214,,,,,0,No clear misuse evidence,,,,,not_run_for_this_video,,,,0,0,,,,,no_current_flag,0,0.556
7176705257689632046,,,,,0,No clear misuse evidence,,,,,not_run_for_this_video,,,,0,0,,,,,no_current_flag,0,0.556
7176842742427815214,,Cannabis (THC),Marijuana,0.88,1,Weak / ambiguous drug reference,,,,,not_run_for_this_video,,,,3,0,,,,,needs_human_validation,2,0.778
7179150302312975622,https://www.tiktokv.com/share/video/7179150302312975622/,,,,2,Misuse-related evidence,,,,,not_run_for_this_video,,,,0,0,,,,,no_current_flag,0,0.556
7180137977446976814,,,,,0,No clear misuse evidence,,,,,not_run_for_this_video,,,,0,0,,,,,no_current_flag,0,0.556
7181595738646826283,https://www.tiktokv.com/share/video/7181595738646826283/,,,,2,Misuse-related evidence,,,,,not_run_for_this_video,,,,0,0,,,,,no_current_flag,0,0.556
7183128875642162474,,,,,0,No clear misuse evidence,,,,,not_run_for_this_video,,,,0,0,,,,,no_current_flag,0,0.556
7184472690151918854,,,,,0,No clear misuse evidence,,,,,not_run_for_this_video,,,,0,0,,,,,no_current_flag,0,0.556
7184488281667603718,,,,,2,Misuse-related evidence,,,,,not_run_for_this_video,,,,0,0,,,,,no_current_flag,0,0.556
7185560481095077163,,,,,0,No clear misuse evidence,,,,,not_run_for_this_video,,,,0,0,,,,,no_current_flag,0,0.556
7186136409118346539,,,,,0,No clear misuse evidence,,,,,not_run_for_this_video,,,,0,0,,,,,no_current_flag,0,0.556
7188178275389361454,https://www.tiktokv.com/share/video/7188178275389361454/,,,,2,Misuse-related evidence,,,,,not_run_for_this_video,,,,0,0,,,,,no_current_flag,0,0.556
7188312879815200005,https://www.tiktokv.com/share/video/7188312879815200005/,,,,2,Misuse-related evidence,,,,,not_run_for_this_video,,,,0,0,,,,,no_current_flag,0,0.556
7190190920145358123,,,,,0,No clear misuse evidence,,,,,not_run_for_this_video,,,,0,0,,,,,no_current_flag,0,0.556
7190193689820466475,,,,,1,Weak / ambiguous drug reference,,,,,not_run_for_this_video,,,,0,0,,,,,no_current_flag,0,0.556
7191567673199758635,,,,,0,No clear misuse evidence,,,,,not_run_for_this_video,,,,0,0,,,,,no_current_flag,0,0.556
7191810191887846662,,,,,0,No clear misuse evidence,,,,,not_run_for_this_video,,,,0,0,,,,,no_current_flag,0,0.556
7197734686079192325,https://www.tiktokv.com/share/video/7197734686079192325/,,,,2,Misuse-related evidence,,,,,not_run_for_this_video,,,,0,0,,,,,no_current_flag,0,0.556
7198459965416246534,,,,,0,No clear misuse evidence,,,,,not_run_for_this_video,,,,0,0,,,,,no_current_flag,0,0.556
7198720150747532570,,,,,0,No clear misuse evidence,,,,,not_run_for_this_video,,,,0,0,,,,,no_current_flag,0,0.556
7202409730491403563,,,,,2,Misuse-related evidence,,,,,not_run_for_this_video,,,,0,0,,,,,no_current_flag,0,0.556
7202973643314400555,,,,,0,No clear misuse evidence,,,,,not_run_for_this_video,,,,0,0,,,,,no_current_flag,0,0.556
7204932271084702982,,,,,0,No clear misuse evidence,,,,,not_run_for_this_video,,,,0,0,,,,,no_current_flag,0,0.556
7204938147652832558,,,,,0,No clear misuse evidence,,,,,not_run_for_this_video,,,,0,0,,,,,no_current_flag,0,0.556
7205284565349502213,,,,,0,No clear misuse evidence,,,,,not_run_for_this_video,,,,0,0,,,,,no_current_flag,0,0.556
7205702865938091306,,,,,0,No clear misuse evidence,,,,,not_run_for_this_video,,,,0,0,,,,,no_current_flag,0,0.556
7205985993156021546,,Amphetamine,Amphetamine,0.88,1,Weak / ambiguous drug reference,,,,,not_run_for_this_video,,,,5,0,,,,,needs_human_validation,4,0.778
7207564422158585130,,,,,2,Misuse-related evidence,,,,,not_run_for_this_video,,,,0,0,,,,,no_current_flag,0,0.556
7207616775129664814,,,,,0,No clear misuse evidence,,,,,not_run_for_this_video,,,,0,0,,,,,no_current_flag,0,0.556
7208302494642916614,,,,,0,No clear misuse evidence,,,,,not_run_for_this_video,,,,0,0,,,,,no_current_flag,0,0.556
7208731259009289515,,,,,0,No clear misuse evidence,,,,,not_run_for_this_video,,,,0,0,,,,,no_current_flag,0,0.556
7210143479857433899,,Cannabis (THC),Marijuana,0.88,1,Weak / ambiguous drug reference,,,,,not_run_for_this_video,,,,26,0,,,,,needs_human_validation,24,0.778
7211576946143104298,,,,,0,No clear misuse evidence,,,,,not_run_for_this_video,,,,0,0,,,,,no_current_flag,0,0.556
7212728463877246250,,,,,0,No clear misuse evidence,,,,,not_run_for_this_video,,,,0,0,,,,,no_current_flag,0,0.556
7212828242904993070,,,,,0,No clear misuse evidence,,,,,not_run_for_this_video,,,,0,0,,,,,no_current_flag,0,0.556
7213122830181944618,,,,,0,No clear misuse evidence,,,,,not_run_for_this_video,,,,0,0,,,,,no_current_flag,0,0.556
7213804497536109867,,,,,0,No clear misuse evidence,,,,,not_run_for_this_video,,,,0,0,,,,,no_current_flag,0,0.556
7214638726465621294,https://www.tiktokv.com/share/video/7214638726465621294/,,,,2,Misuse-related evidence,,,,,not_run_for_this_video,,,,0,0,,,,,no_current_flag,0,0.556
7215777735505890602,https://www.tiktokv.com/share/video/7215777735505890602/,,,,2,Misuse-related evidence,,,,,not_run_for_this_video,,,,0,0,,,,,no_current_flag,0,0.556
7218916790913568042,,Benzodiazepines,Benzodiazepines,0.88,1,Weak / ambiguous drug reference,,,,,not_run_for_this_video,,,,1,0,,,,,no_current_flag,0,0.778
7220782974667607338,,,,,0,No clear misuse evidence,,,,,not_run_for_this_video,,,,0,0,,,,,no_current_flag,0,0.556
7221209281767476485,https://www.tiktokv.com/share/video/7221209281767476485/,,,,2,Misuse-related evidence,,,,,not_run_for_this_video,,,,0,0,,,,,no_current_flag,0,0.556
7221906066689297710,,,,,0,No clear misuse evidence,,,,,not_run_for_this_video,,,,0,0,,,,,no_current_flag,0,0.556
7222034163853987079,,,,,0,No clear misuse evidence,,,,,not_run_for_this_video,,,,0,0,,,,,no_current_flag,0,0.556
7222420155668679982,,,,,0,No clear misuse evidence,,,,,not_run_for_this_video,,,,0,0,,,,,no_current_flag,0,0.556
7225610711081241898,,,,,0,No clear misuse evidence,,,,,not_run_for_this_video,,,,0,0,,,,,no_current_flag,0,0.556
7226303600073493762,,rc,rc,0.46,3,High-risk / explicit review,,,,,not_run_for_this_video,,,,5,0,,,,,needs_human_validation,6,0.778
7227905595716668698,,Methamphetamine,Fire,0.62,2,Misuse-related evidence,,,,,not_run_for_this_video,,,,5,0,,,,,needs_human_validation,6,0.778
7230604676700327174,,,,,0,No clear misuse evidence,,,,,not_run_for_this_video,,,,0,0,,,,,no_current_flag,0,0.556
7232326139858111790,,Fentanyl,Fentanyl,0.88,1,Weak / ambiguous drug reference,,,,,not_run_for_this_video,,,,5,0,,,,,needs_human_validation,4,0.778
7232418774475902250,,,,,0,No clear misuse evidence,,,,,not_run_for_this_video,,,,0,0,,,,,no_current_flag,0,0.556
7236374568255081774,https://www.tiktokv.com/share/video/7236374568255081774/,,,,2,Misuse-related evidence,,,,,not_run_for_this_video,,,,0,0,,,,,no_current_flag,0,0.556
7236570052391111937,,,,,0,No clear misuse evidence,,,,,not_run_for_this_video,,,,0,0,,,,,no_current_flag,0,0.556
7236675979962371355,,,,,0,No clear misuse evidence,,,,,not_run_for_this_video,,,,0,0,,,,,no_current_flag,0,0.556
7243856105397341466,,,,,0,No clear misuse evidence,,,,,not_run_for_this_video,,,,0,0,,,,,no_current_flag,0,0.556
7244339190794685697,,Heroin,Heroin,0.88,1,Weak / ambiguous drug reference,,,,,not_run_for_this_video,,,,5,0,,,,,needs_human_validation,4,0.778
7244579733038468354,,,,,0,No clear misuse evidence,,,,,not_run_for_this_video,,,,0,0,,,,,no_current_flag,0,0.556
7244655045319527726,,,,,1,Weak / ambiguous drug reference,,,,,not_run_for_this_video,,,,0,0,,,,,no_current_flag,0,0.556
7247188953625906458,,,,,0,No clear misuse evidence,,,,,not_run_for_this_video,,,,0,0,,,,,no_current_flag,0,0.556
7248722806807006507,,,,,0,No clear misuse evidence,,,,,not_run_for_this_video,,,,0,0,,,,,no_current_flag,0,0.556
7249186961905241386,,Fentanyl,fenty,0.82,0,No clear misuse evidence,,,,,not_run_for_this_video,,,,5,0,,,,,needs_human_validation,6,0.778
7250567457751207214,,,,,0,No clear misuse evidence,,,,,not_run_for_this_video,,,,0,0,,,,,no_current_flag,0,0.556
7250628438313209094,,,,,0,No clear misuse evidence,,,,,not_run_for_this_video,,,,0,0,,,,,no_current_flag,0,0.556
7251432970211380523,,,,,0,No clear misuse evidence,,,,,not_run_for_this_video,,,,0,0,,,,,no_current_flag,0,0.556
7253016634036669723,,,,,0,No clear misuse evidence,,,,,not_run_for_this_video,,,,0,0,,,,,no_current_flag,0,0.556
7255035518130425130,,,,,0,No clear misuse evidence,,,,,not_run_for_this_video,,,,0,0,,,,,no_current_flag,0,0.556
7255428067600895278,https://www.tiktokv.com/share/video/7255428067600895278/,,,,2,Misuse-related evidence,,,,,not_run_for_this_video,,,,0,0,,,,,no_current_flag,0,0.556
7256161063501073707,,,,,0,No clear misuse evidence,,,,,not_run_for_this_video,,,,0,0,,,,,no_current_flag,0,0.556
7256899431369346346,,,,,0,No clear misuse evidence,,,,,not_run_for_this_video,,,,0,0,,,,,no_current_flag,0,0.556
7257019981844450566,,,,,0,No clear misuse evidence,,,,,not_run_for_this_video,,,,0,0,,,,,no_current_flag,0,0.556
7257846988849401114,,Psilocybin Mushrooms,shrooms,0.82,2,Misuse-related evidence,,,,,not_run_for_this_video,,,,5,0,,,,,needs_human_validation,6,0.778
7260941497464311083,,,,,0,No clear misuse evidence,,,,,not_run_for_this_video,,,,0,0,,,,,no_current_flag,0,0.556
7263205702565449003,,,,,0,No clear misuse evidence,,,,,not_run_for_this_video,,,,0,0,,,,,no_current_flag,0,0.556
7264177864440859937,,,,,0,No clear misuse evidence,,,,,not_run_for_this_video,,,,0,0,,,,,no_current_flag,0,0.556
7264382251163602222,https://www.tiktokv.com/share/video/7264382251163602222/,Fentanyl and Derivatives (e.g.; meta‑Fluorofentanyl; Acryloylfentanyl),Crazy,0.62,2,Misuse-related evidence,,,,,not_run_for_this_video,,,,5,0,,,,,needs_human_validation,6,0.778
7265931126840069418,https://www.tiktokv.com/share/video/7265931126840069418/,Alprazolam (Xanax®),Xanax,0.88,2,Misuse-related evidence,,,,,not_run_for_this_video,,,,5,0,,,,,needs_human_validation,4,0.778
7266796877339807008,,,,,2,Misuse-related evidence,,,,,not_run_for_this_video,,,,0,0,,,,,no_current_flag,0,0.556
7267219800739335429,,,,,0,No clear misuse evidence,,,,,not_run_for_this_video,,,,0,0,,,,,no_current_flag,0,0.556
7267566136340909344,,,,,0,No clear misuse evidence,,,,,not_run_for_this_video,,,,0,0,,,,,no_current_flag,0,0.556
7268424708582886698,,,,,0,No clear misuse evidence,,,,,not_run_for_this_video,,,,0,0,,,,,no_current_flag,0,0.556
7268527372108877061,,,,,0,No clear misuse evidence,,,,,not_run_for_this_video,,,,0,0,,,,,no_current_flag,0,0.556
7268613779901009154,,,,,0,No clear misuse evidence,,,,,not_run_for_this_video,,,,0,0,,,,,no_current_flag,0,0.556
7271006338610760992,,,,,0,No clear misuse evidence,,,,,not_run_for_this_video,,,,0,0,,,,,no_current_flag,0,0.556
7271846889371241733,,,,,0,No clear misuse evidence,,,,,not_run_for_this_video,,,,0,0,,,,,no_current_flag,0,0.556
7272438480372796678,,Crack Cocaine,Dice,0.62,0,No clear misuse evidence,,,,,not_run_for_this_video,,,,5,0,,,,,needs_human_validation,6,0.778
7272821555128732961,,,,,0,No clear misuse evidence,,,,,not_run_for_this_video,,,,0,0,,,,,no_current_flag,0,0.556
7273143153241099553,,,,,0,No clear misuse evidence,,,,,not_run_for_this_video,,,,0,0,,,,,no_current_flag,0,0.556
7273309920320032042,,Psilocybin Mushrooms,Cubes,0.62,0,No clear misuse evidence,,,,,not_run_for_this_video,,,,10,0,,,,,needs_human_validation,12,0.778
7273912386220805418,,Fentanyl,Fentanyl,0.88,2,Misuse-related evidence,,,,,not_run_for_this_video,,,,10,0,,,,,needs_human_validation,8,0.778
7274702737294495008,,,,,0,No clear misuse evidence,,,,,not_run_for_this_video,,,,0,0,,,,,no_current_flag,0,0.556
7275049736351124742,,,,,0,No clear misuse evidence,,,,,not_run_for_this_video,,,,0,0,,,,,no_current_flag,0,0.556
7275927242629221638,,,,,0,No clear misuse evidence,,,,,not_run_for_this_video,,,,0,0,,,,,no_current_flag,0,0.556
7276297027141684526,https://www.tiktokv.com/share/video/7276297027141684526/,,,,2,Misuse-related evidence,,,,,not_run_for_this_video,,,,0,0,,,,,no_current_flag,0,0.556
7276595388654701867,https://www.tiktokv.com/share/video/7276595388654701867/,,,,2,Misuse-related evidence,,,,,not_run_for_this_video,,,,0,0,,,,,no_current_flag,0,0.556
7276601780035652907,,LSD,acid,0.82,0,No clear misuse evidence,,,,,not_run_for_this_video,,,,5,0,,,,,needs_human_validation,6,0.778
7276887912707378475,,,,,0,No clear misuse evidence,,,,,not_run_for_this_video,,,,0,0,,,,,no_current_flag,0,0.556
7277609648843230510,,,,,0,No clear misuse evidence,,,,,not_run_for_this_video,,,,0,0,,,,,no_current_flag,0,0.556
7278068028267351342,,Fentanyl,fenty,0.82,0,No clear misuse evidence,,,,,not_run_for_this_video,,,,5,0,,,,,needs_human_validation,6,0.778
7278564294059511073,,,,,0,No clear misuse evidence,,,,,not_run_for_this_video,,,,0,0,,,,,no_current_flag,0,0.556
7279449671775407365,,rc,rc,0.46,2,Misuse-related evidence,,,,,not_run_for_this_video,,,,5,0,,,,,needs_human_validation,6,0.778
7279497038297845024,,,,,0,No clear misuse evidence,,,,,not_run_for_this_video,,,,0,0,,,,,no_current_flag,0,0.556
7279904317149056262,,,,,0,No clear misuse evidence,,,,,not_run_for_this_video,,,,0,0,,,,,no_current_flag,0,0.556
7280006422656486699,https://www.tiktokv.com/share/video/7280006422656486699/,,,,2,Misuse-related evidence,,,,,not_run_for_this_video,,,,0,0,,,,,no_current_flag,0,0.556
7280245557224852778,,Marijuana\Cannabis,Joint,0.62,0,No clear misuse evidence,,,,,not_run_for_this_video,,,,5,0,,,,,needs_human_validation,6,0.778
7280564926685646085,,,,,0,No clear misuse evidence,,,,,not_run_for_this_video,,,,0,0,,,,,no_current_flag,0,0.556
7281682699469770026,https://www.tiktokv.com/share/video/7281682699469770026/,,,,2,Misuse-related evidence,,,,,not_run_for_this_video,,,,0,0,,,,,no_current_flag,0,0.556
7282666882165984514,,,,,0,No clear misuse evidence,,,,,not_run_for_this_video,,,,0,0,,,,,no_current_flag,0,0.556
7284294839070493984,,,,,2,Misuse-related evidence,,,,,not_run_for_this_video,,,,0,0,,,,,no_current_flag,0,0.556
7285129069052595498,,,,,0,No clear misuse evidence,,,,,not_run_for_this_video,,,,0,0,,,,,no_current_flag,0,0.556
7285402317766135072,,,,,0,No clear misuse evidence,,,,,not_run_for_this_video,,,,0,0,,,,,no_current_flag,0,0.556
7286039788346445089,,,,,0,No clear misuse evidence,,,,,not_run_for_this_video,,,,0,0,,,,,no_current_flag,0,0.556
7287228607829789985,,,,,0,No clear misuse evidence,,,,,not_run_for_this_video,,,,0,0,,,,,no_current_flag,0,0.556
7287345204858948910,,,,,0,No clear misuse evidence,,,,,not_run_for_this_video,,,,0,0,,,,,no_current_flag,0,0.556
7287444513008799007,,,,,0,No clear misuse evidence,,,,,not_run_for_this_video,,,,0,0,,,,,no_current_flag,0,0.556
7288783939232189742,,,,,1,Weak / ambiguous drug reference,,,,,not_run_for_this_video,,,,0,0,,,,,no_current_flag,0,0.556
7289404148284542213,,,,,0,No clear misuse evidence,,,,,not_run_for_this_video,,,,0,0,,,,,no_current_flag,0,0.556
7291104190456270122,,,,,0,No clear misuse evidence,,,,,not_run_for_this_video,,,,0,0,,,,,no_current_flag,0,0.556
7291428143737408811,,,,,0,No clear misuse evidence,,,,,not_run_for_this_video,,,,0,0,,,,,no_current_flag,0,0.556
7291457204719226118,,,,,0,No clear misuse evidence,,,,,not_run_for_this_video,,,,0,0,,,,,no_current_flag,0,0.556
7292076840611564833,https://www.tiktokv.com/share/video/7292076840611564833/,Cannabis (THC),za,0.82,3,High-risk / explicit review,,,,,not_run_for_this_video,,,,6,0,,,,,needs_human_validation,8,0.778
7292247006221733125,,,,,0,No clear misuse evidence,,,,,not_run_for_this_video,,,,0,0,,,,,no_current_flag,0,0.556
7292597286251629867,,,,,0,No clear misuse evidence,,,,,not_run_for_this_video,,,,0,0,,,,,no_current_flag,0,0.556
7294012562721590570,,,,,0,No clear misuse evidence,,,,,not_run_for_this_video,,,,0,0,,,,,no_current_flag,0,0.556
7295503912864402718,,,,,3,High-risk / explicit review,,,,,not_run_for_this_video,,,,0,0,,,,,no_current_flag,0,0.556
7296818444580769057,,,,,1,Weak / ambiguous drug reference,,,,,not_run_for_this_video,,,,0,0,,,,,no_current_flag,0,0.556
7296985873755770154,,,,,0,No clear misuse evidence,,,,,not_run_for_this_video,,,,0,0,,,,,no_current_flag,0,0.556
7297467472536407302,,,,,0,No clear misuse evidence,,,,,not_run_for_this_video,,,,0,0,,,,,no_current_flag,0,0.556
7297476844457168170,,,,,0,No clear misuse evidence,,,,,not_run_for_this_video,,,,0,0,,,,,no_current_flag,0,0.556
7297875127939681541,,,,,0,No clear misuse evidence,,,,,not_run_for_this_video,,,,0,0,,,,,no_current_flag,0,0.556
7297884840559480097,,,,,0,No clear misuse evidence,,,,,not_run_for_this_video,,,,0,0,,,,,no_current_flag,0,0.556
7298210610104356102,,,,,0,No clear misuse evidence,,,,,not_run_for_this_video,,,,0,0,,,,,no_current_flag,0,0.556
7298525063190433067,,,,,0,No clear misuse evidence,,,,,not_run_for_this_video,,,,0,0,,,,,no_current_flag,0,0.556
7298936249920900357,,,,,0,No clear misuse evidence,,,,,not_run_for_this_video,,,,0,0,,,,,no_current_flag,0,0.556
7300533237531675937,,,,,2,Misuse-related evidence,,,,,not_run_for_this_video,,,,0,0,,,,,no_current_flag,0,0.556
7300723524644113710,https://www.tiktokv.com/share/video/7300723524644113710/,,,,2,Misuse-related evidence,,,,,not_run_for_this_video,,,,0,0,,,,,no_current_flag,0,0.556
7301354513380986158,,,,,0,No clear misuse evidence,,,,,not_run_for_this_video,,,,0,0,,,,,no_current_flag,0,0.556
7302267215712128257,,,,,0,No clear misuse evidence,,,,,not_run_for_this_video,,,,0,0,,,,,no_current_flag,0,0.556
7302840051384274222,,,,,0,No clear misuse evidence,,,,,not_run_for_this_video,,,,0,0,,,,,no_current_flag,0,0.556
7303189892375416110,https://www.tiktokv.com/share/video/7303189892375416110/,Morphine,First Line,0.88,2,Misuse-related evidence,,,,,not_run_for_this_video,,,,5,0,,,,,needs_human_validation,4,0.778
7305493709041306923,,,,,0,No clear misuse evidence,,,,,not_run_for_this_video,,,,0,0,,,,,no_current_flag,0,0.556
7306579208275283230,,,,,0,No clear misuse evidence,,,,,not_run_for_this_video,,,,0,0,,,,,no_current_flag,0,0.556
7306818684549352705,,,,,0,No clear misuse evidence,,,,,not_run_for_this_video,,,,0,0,,,,,no_current_flag,0,0.556
7307369701108174122,,,,,0,No clear misuse evidence,,,,,not_run_for_this_video,,,,0,0,,,,,no_current_flag,0,0.556
7307400389287169326,,,,,0,No clear misuse evidence,,,,,not_run_for_this_video,,,,0,0,,,,,no_current_flag,0,0.556
7307747081068875051,https://www.tiktokv.com/share/video/7307747081068875051/,,,,2,Misuse-related evidence,,,,,not_run_for_this_video,,,,0,0,,,,,no_current_flag,0,0.556
7308785240204447009,,,,,0,No clear misuse evidence,,,,,not_run_for_this_video,,,,0,0,,,,,no_current_flag,0,0.556
7308846568570916138,https://www.tiktokv.com/share/video/7308846568570916138/,,,,2,Misuse-related evidence,,,,,not_run_for_this_video,,,,0,0,,,,,no_current_flag,0,0.556
7309189476436151557,,,,,0,No clear misuse evidence,,,,,not_run_for_this_video,,,,0,0,,,,,no_current_flag,0,0.556
7309987428205366559,,,,,0,No clear misuse evidence,,,,,not_run_for_this_video,,,,0,0,,,,,no_current_flag,0,0.556
7309999760990031146,https://www.tiktokv.com/share/video/7309999760990031146/,,,,2,Misuse-related evidence,,,,,not_run_for_this_video,,,,0,0,,,,,no_current_flag,0,0.556
7310238038913846560,,,,,0,No clear misuse evidence,,,,,not_run_for_this_video,,,,0,0,,,,,no_current_flag,0,0.556
7310619331065400618,https://www.tiktokv.com/share/video/7310619331065400618/,,,,2,Misuse-related evidence,,,,,not_run_for_this_video,,,,0,0,,,,,no_current_flag,0,0.556
7311727051751296288,,,,,0,No clear misuse evidence,,,,,not_run_for_this_video,,,,0,0,,,,,no_current_flag,0,0.556
7312641256948059434,https://www.tiktokv.com/share/video/7312641256948059434/,,,,2,Misuse-related evidence,,,,,not_run_for_this_video,,,,0,0,,,,,no_current_flag,0,0.556
7312916303180844321,,,,,0,No clear misuse evidence,,,,,not_run_for_this_video,,,,0,0,,,,,no_current_flag,0,0.556
7313054351067565343,https://www.tiktokv.com/share/video/7313054351067565343/,Morphine,Morphine,0.88,2,Misuse-related evidence,,,,,not_run_for_this_video,,,,10,0,,,,,needs_human_validation,10,0.778
7313326652568784133,https://www.tiktokv.com/share/video/7313326652568784133/,,,,2,Misuse-related evidence,,,,,not_run_for_this_video,,,,0,0,,,,,no_current_flag,0,0.556
7313998592916622634,,,,,0,No clear misuse evidence,,,,,not_run_for_this_video,,,,0,0,,,,,no_current_flag,0,0.556
7314535636931726622,https://www.tiktokv.com/share/video/7314535636931726622/,,,,2,Misuse-related evidence,,,,,not_run_for_this_video,,,,0,0,,,,,no_current_flag,0,0.556
7315419179769875758,,,,,3,High-risk / explicit review,,,,,not_run_for_this_video,,,,0,0,,,,,no_current_flag,0,0.556
7317299812821454110,https://www.tiktokv.com/share/video/7317299812821454110/,Cannabis (THC),weed,0.82,2,Misuse-related evidence,,,,,not_run_for_this_video,,,,3,0,,,,,needs_human_validation,4,0.778
7317308319218142510,,,,,0,No clear misuse evidence,,,,,not_run_for_this_video,,,,0,0,,,,,no_current_flag,0,0.556
7317860643028110634,,,,,0,No clear misuse evidence,,,,,not_run_for_this_video,,,,0,0,,,,,no_current_flag,0,0.556
7317915084955667719,,,,,0,No clear misuse evidence,,,,,not_run_for_this_video,,,,0,0,,,,,no_current_flag,0,0.556
7318118461979299105,,,,,0,No clear misuse evidence,,,,,not_run_for_this_video,,,,0,0,,,,,no_current_flag,0,0.556
7318282416676801835,https://www.tiktokv.com/share/video/7318282416676801835/,,,,2,Misuse-related evidence,,,,,not_run_for_this_video,,,,0,0,,,,,no_current_flag,0,0.556
7319607736491085099,,,,,0,No clear misuse evidence,,,,,not_run_for_this_video,,,,0,0,,,,,no_current_flag,0,0.556
7319709900722932993,,,,,0,No clear misuse evidence,,,,,not_run_for_this_video,,,,0,0,,,,,no_current_flag,0,0.556
7320931145493859616,,,,,0,No clear misuse evidence,,,,,not_run_for_this_video,,,,0,0,,,,,no_current_flag,0,0.556
7321288051978718495,,,,,0,No clear misuse evidence,,,,,not_run_for_this_video,,,,0,0,,,,,no_current_flag,0,0.556
7323725292781047083,,,,,0,No clear misuse evidence,,,,,not_run_for_this_video,,,,0,0,,,,,no_current_flag,0,0.556
7324464752686664990,,,,,0,No clear misuse evidence,,,,,not_run_for_this_video,,,,0,0,,,,,no_current_flag,0,0.556
7325569048161439022,,,,,0,No clear misuse evidence,,,,,not_run_for_this_video,,,,0,0,,,,,no_current_flag,0,0.556
7326227991623683370,,,,,0,No clear misuse evidence,,,,,not_run_for_this_video,,,,0,0,,,,,no_current_flag,0,0.556
7327535341865422122,,,,,0,No clear misuse evidence,,,,,not_run_for_this_video,,,,0,0,,,,,no_current_flag,0,0.556
7327646688947047686,,,,,0,No clear misuse evidence,,,,,not_run_for_this_video,,,,0,0,,,,,no_current_flag,0,0.556
7328068406513503521,,,,,0,No clear misuse evidence,,,,,not_run_for_this_video,,,,0,0,,,,,no_current_flag,0,0.556
7328143898319195438,,,,,0,No clear misuse evidence,,,,,not_run_for_this_video,,,,0,0,,,,,no_current_flag,0,0.556
7329894657305906474,,,,,0,No clear misuse evidence,,,,,not_run_for_this_video,,,,0,0,,,,,no_current_flag,0,0.556
7329912150984592686,,,,,0,No clear misuse evidence,,,,,not_run_for_this_video,,,,0,0,,,,,no_current_flag,0,0.556
7330682507299392810,,,,,1,Weak / ambiguous drug reference,,,,,not_run_for_this_video,,,,0,0,,,,,no_current_flag,0,0.556
7330695640034430251,,,,,0,No clear misuse evidence,,,,,not_run_for_this_video,,,,0,0,,,,,no_current_flag,0,0.556
7331535759326973190,,,,,0,No clear misuse evidence,,,,,not_run_for_this_video,,,,0,0,,,,,no_current_flag,0,0.556
7334056701546564894,,,,,0,No clear misuse evidence,,,,,not_run_for_this_video,,,,0,0,,,,,no_current_flag,0,0.556
7334266726621793543,,,,,0,No clear misuse evidence,,,,,not_run_for_this_video,,,,0,0,,,,,no_current_flag,0,0.556
7335273989796908331,,,,,2,Misuse-related evidence,,,,,not_run_for_this_video,,,,0,0,,,,,no_current_flag,0,0.556
7335892610478869803,,Cannabis (THC),weed,0.82,2,Misuse-related evidence,,,,,not_run_for_this_video,,,,3,0,,,,,needs_human_validation,4,0.778
7336313830445763870,,,,,0,No clear misuse evidence,,,,,not_run_for_this_video,,,,0,0,,,,,no_current_flag,0,0.556
7336608393790065952,,,,,0,No clear misuse evidence,,,,,not_run_for_this_video,,,,0,0,,,,,no_current_flag,0,0.556
7340500075812064555,https://www.tiktokv.com/share/video/7340500075812064555/,,,,2,Misuse-related evidence,,,,,not_run_for_this_video,,,,0,0,,,,,no_current_flag,0,0.556
7340643352137829638,,,,,0,No clear misuse evidence,,,,,not_run_for_this_video,,,,0,0,,,,,no_current_flag,0,0.556
7340701099210378539,https://www.tiktokv.com/share/video/7340701099210378539/,Cannabis (THC),za,0.82,2,Misuse-related evidence,,,,,not_run_for_this_video,,,,8,0,,,,,needs_human_validation,10,0.778
7341704875358555410,,,,,0,No clear misuse evidence,,,,,not_run_for_this_video,,,,0,0,,,,,no_current_flag,0,0.556
7341808529868672289,,,,,0,No clear misuse evidence,,,,,not_run_for_this_video,,,,0,0,,,,,no_current_flag,0,0.556
7343093725498772778,,,,,0,No clear misuse evidence,,,,,not_run_for_this_video,,,,0,0,,,,,no_current_flag,0,0.556
7343384908288593195,https://www.tiktokv.com/share/video/7343384908288593195/,Cannabis (THC),za,0.82,2,Misuse-related evidence,,,,,not_run_for_this_video,,,,3,0,,,,,needs_human_validation,4,0.778
7344556183790898478,https://www.tiktokv.com/share/video/7344556183790898478/,,,,2,Misuse-related evidence,,,,,not_run_for_this_video,,,,0,0,,,,,no_current_flag,0,0.556
7345653754248580394,,,,,0,No clear misuse evidence,,,,,not_run_for_this_video,,,,0,0,,,,,no_current_flag,0,0.556
7345725305908415790,,,,,0,No clear misuse evidence,,,,,not_run_for_this_video,,,,0,0,,,,,no_current_flag,0,0.556
7347865681922313518,,,,,0,No clear misuse evidence,,,,,not_run_for_this_video,,,,0,0,,,,,no_current_flag,0,0.556
7347966530073677062,,,,,0,No clear misuse evidence,,,,,not_run_for_this_video,,,,0,0,,,,,no_current_flag,0,0.556
7349580476396408106,,,,,0,No clear misuse evidence,,,,,not_run_for_this_video,,,,0,0,,,,,no_current_flag,0,0.556
7350368311349087531,,,,,0,No clear misuse evidence,,,,,not_run_for_this_video,,,,0,0,,,,,no_current_flag,0,0.556
7350461694608543018,,,,,1,Weak / ambiguous drug reference,,,,,not_run_for_this_video,,,,0,0,,,,,no_current_flag,0,0.556
7350732036371467562,https://www.tiktokv.com/share/video/7350732036371467562/,Cannabis (THC),weed,0.82,2,Misuse-related evidence,,,,,not_run_for_this_video,,,,3,0,,,,,needs_human_validation,4,0.778
7351975260805139718,,,,,0,No clear misuse evidence,,,,,not_run_for_this_video,,,,0,0,,,,,no_current_flag,0,0.556
7352253906593811728,,,,,0,No clear misuse evidence,,,,,not_run_for_this_video,,,,0,0,,,,,no_current_flag,0,0.556
7352325064110394629,,,,,0,No clear misuse evidence,,,,,not_run_for_this_video,,,,0,0,,,,,no_current_flag,0,0.556
7353037684559891743,,,,,0,No clear misuse evidence,,,,,not_run_for_this_video,,,,0,0,,,,,no_current_flag,0,0.556
7353860077322784006,,,,,0,No clear misuse evidence,,,,,not_run_for_this_video,,,,0,0,,,,,no_current_flag,0,0.556
7354882154913893675,,,,,0,No clear misuse evidence,,,,,not_run_for_this_video,,,,0,0,,,,,no_current_flag,0,0.556
7355326407997656351,https://www.tiktokv.com/share/video/7355326407997656351/,Psilocybin Mushrooms,shrooms,0.82,2,Misuse-related evidence,,,,,not_run_for_this_video,,,,5,0,,,,,needs_human_validation,6,0.778
7356083492746218785,,,,,3,High-risk / explicit review,,,,,not_run_for_this_video,,,,0,0,,,,,no_current_flag,0,0.556
7356988270158417185,,,,,0,No clear misuse evidence,,,,,not_run_for_this_video,,,,0,0,,,,,no_current_flag,0,0.556
7357116466413702446,,,,,1,Weak / ambiguous drug reference,,,,,not_run_for_this_video,,,,0,0,,,,,no_current_flag,0,0.556
7357475794538614059,,,,,0,No clear misuse evidence,,,,,not_run_for_this_video,,,,0,0,,,,,no_current_flag,0,0.556
7357799136759991584,,,,,0,No clear misuse evidence,,,,,not_run_for_this_video,,,,0,0,,,,,no_current_flag,0,0.556
7358233218077707526,,,,,0,No clear misuse evidence,,,,,not_run_for_this_video,,,,0,0,,,,,no_current_flag,0,0.556
7358242023402441990,,,,,0,No clear misuse evidence,,,,,not_run_for_this_video,,,,0,0,,,,,no_current_flag,0,0.556
7361301721580195118,,,,,0,No clear misuse evidence,,,,,not_run_for_this_video,,,,0,0,,,,,no_current_flag,0,0.556
7361774748923104517,,,,,0,No clear misuse evidence,,,,,not_run_for_this_video,,,,0,0,,,,,no_current_flag,0,0.556
7361913787093355818,https://www.tiktokv.com/share/video/7361913787093355818/,,,,2,Misuse-related evidence,,,,,not_run_for_this_video,,,,0,0,,,,,no_current_flag,0,0.556
7362727484158217518,https://www.tiktokv.com/share/video/7362727484158217518/,rc,rc,0.46,2,Misuse-related evidence,,,,,not_run_for_this_video,,,,5,0,,,,,needs_human_validation,6,0.778
7363703031499656490,https://www.tiktokv.com/share/video/7363703031499656490/,,,,2,Misuse-related evidence,,,,,not_run_for_this_video,,,,0,0,,,,,no_current_flag,0,0.556
7364129132810177838,,,,,0,No clear misuse evidence,,,,,not_run_for_this_video,,,,0,0,,,,,no_current_flag,0,0.556
7364858914019544352,,,,,0,No clear misuse evidence,,,,,not_run_for_this_video,,,,0,0,,,,,no_current_flag,0,0.556
7364894064933621038,,,,,0,No clear misuse evidence,,,,,not_run_for_this_video,,,,0,0,,,,,no_current_flag,0,0.556
7366364115746524459,,,,,0,No clear misuse evidence,,,,,not_run_for_this_video,,,,0,0,,,,,no_current_flag,0,0.556
7366661342377282822,,,,,0,No clear misuse evidence,,,,,not_run_for_this_video,,,,0,0,,,,,no_current_flag,0,0.556
7367045155188231467,,,,,0,No clear misuse evidence,,,,,not_run_for_this_video,,,,0,0,,,,,no_current_flag,0,0.556
7367104367469645102,https://www.tiktokv.com/share/video/7367104367469645102/,Cocaine,coke,0.82,2,Misuse-related evidence,,,,,not_run_for_this_video,,,,11,4,source: manual_behavior_annotation; file_name: 7367104367469645102.mp4; description: This post contains information explaining the preferences of an individual who has experience …,,,,needs_human_validation,6,1.0
7367399846938037550,https://www.tiktokv.com/share/video/7367399846938037550/,Marijuana\Cannabis,Cannabis,0.88,2,Misuse-related evidence,,,,,not_run_for_this_video,,,,5,0,,,,,needs_human_validation,4,0.778
7368638815600250155,https://www.tiktokv.com/share/video/7368638815600250155/,,,,2,Misuse-related evidence,,,,,not_run_for_this_video,,,,0,0,,,,,no_current_flag,0,0.556
7369998531655978282,,,,,0,No clear misuse evidence,,,,,not_run_for_this_video,,,,0,0,,,,,no_current_flag,0,0.556
7374738809868635425,,,,,0,No clear misuse evidence,,,,,not_run_for_this_video,,,,0,0,,,,,no_current_flag,0,0.556
7375064732748860715,https://www.tiktokv.com/share/video/7375064732748860715/,,,,2,Misuse-related evidence,,,,,not_run_for_this_video,,,,0,0,,,,,no_current_flag,0,0.556
7375226085191241002,,,,,0,No clear misuse evidence,,,,,not_run_for_this_video,,,,0,0,,,,,no_current_flag,0,0.556
7377004525493734662,,,,,0,No clear misuse evidence,,,,,not_run_for_this_video,,,,0,0,,,,,no_current_flag,0,0.556
7378168463665237291,,LSD,acid,0.82,0,No clear misuse evidence,,,,,not_run_for_this_video,,,,5,0,,,,,needs_human_validation,6,0.778
7378285125798333729,,,,,0,No clear misuse evidence,,,,,not_run_for_this_video,,,,0,0,,,,,no_current_flag,0,0.556
7378985430567521582,,,,,0,No clear misuse evidence,,,,,not_run_for_this_video,,,,0,0,,,,,no_current_flag,0,0.556
7379239106305363243,,,,,1,Weak / ambiguous drug reference,,,,,not_run_for_this_video,,,,0,0,,,,,no_current_flag,0,0.556
7380407996104314143,https://www.tiktokv.com/share/video/7380407996104314143/,rc,rc,0.46,3,High-risk / explicit review,,,,,not_run_for_this_video,,,,5,0,,,,,needs_human_validation,6,0.778
7380846872488906026,https://www.tiktokv.com/share/video/7380846872488906026/,Marijuana Concentrates,cart,0.82,2,Misuse-related evidence,,,,,not_run_for_this_video,,,,5,0,,,,,needs_human_validation,6,0.778
7380916066819656965,,,,,0,No clear misuse evidence,,,,,not_run_for_this_video,,,,0,0,,,,,no_current_flag,0,0.556
7381489835028090155,,,,,3,High-risk / explicit review,,,,,not_run_for_this_video,,,,0,0,,,,,no_current_flag,0,0.556
7382427076839689502,,,,,0,No clear misuse evidence,,,,,not_run_for_this_video,,,,0,0,,,,,no_current_flag,0,0.556
7382858969271831840,,,,,0,No clear misuse evidence,,,,,not_run_for_this_video,,,,0,0,,,,,no_current_flag,0,0.556
7383396641291767086,,,,,0,No clear misuse evidence,,,,,not_run_for_this_video,,,,0,0,,,,,no_current_flag,0,0.556
7383596183794650414,,,,,0,No clear misuse evidence,,,,,not_run_for_this_video,,,,0,0,,,,,no_current_flag,0,0.556
7383767113632091438,https://www.tiktokv.com/share/video/7383767113632091438/,,,,2,Misuse-related evidence,,,,,not_run_for_this_video,,,,0,0,,,,,no_current_flag,0,0.556
7383785563331087658,,,,,0,No clear misuse evidence,,,,,not_run_for_this_video,,,,0,0,,,,,no_current_flag,0,0.556
7383831790168968480,,,,,0,No clear misuse evidence,,,,,not_run_for_this_video,,,,0,0,,,,,no_current_flag,0,0.556
7384560960696110341,,,,,0,No clear misuse evidence,,,,,not_run_for_this_video,,,,0,0,,,,,no_current_flag,0,0.556
7385696185798905131,https://www.tiktokv.com/share/video/7385696185798905131/,,,,3,High-risk / explicit review,,,,,not_run_for_this_video,,,,0,0,,,,,no_current_flag,0,0.556
7385986873325276448,,,,,0,No clear misuse evidence,,,,,not_run_for_this_video,,,,0,0,,,,,no_current_flag,0,0.556
7386113151550393605,,,,,1,Weak / ambiguous drug reference,,,,,not_run_for_this_video,,,,0,0,,,,,no_current_flag,0,0.556
7387049465984699681,,,,,0,No clear misuse evidence,,,,,not_run_for_this_video,,,,0,0,,,,,no_current_flag,0,0.556
7387073297730604318,,Gabapentin,Gabapentin,0.88,1,Weak / ambiguous drug reference,,,,,not_run_for_this_video,,,,15,0,,,,,needs_human_validation,16,0.778
7387134962950016287,,,,,0,No clear misuse evidence,,,,,not_run_for_this_video,,,,0,0,,,,,no_current_flag,0,0.556
7387174973623815454,https://www.tiktokv.com/share/video/7387174973623815454/,,,,2,Misuse-related evidence,,,,,not_run_for_this_video,,,,0,0,,,,,no_current_flag,0,0.556
7387224982520139050,,,,,0,No clear misuse evidence,,,,,not_run_for_this_video,,,,0,0,,,,,no_current_flag,0,0.556
7387522536763903263,,CBD,CBD,0.88,0,No clear misuse evidence,,,,,not_run_for_this_video,,,,5,0,,,,,needs_human_validation,4,0.778
7387936814855703850,https://www.tiktokv.com/share/video/7387936814855703850/,,,,2,Misuse-related evidence,,,,,not_run_for_this_video,,,,0,0,,,,,no_current_flag,0,0.556
7388271217901391146,,,,,0,No clear misuse evidence,,,,,not_run_for_this_video,,,,0,0,,,,,no_current_flag,0,0.556
7388563102297558302,,,,,0,No clear misuse evidence,,,,,not_run_for_this_video,,,,0,0,,,,,no_current_flag,0,0.556
7389461744806038817,,,,,3,High-risk / explicit review,,,,,not_run_for_this_video,,,,0,0,,,,,no_current_flag,0,0.556
7389484918201502984,,Crack Cocaine,Smoke,0.62,1,Weak / ambiguous drug reference,,,,,not_run_for_this_video,,,,10,0,,,,,needs_human_validation,12,0.778
7389633116845018401,,Adderall® (Amphetamine Combo),A-Train,0.88,0,No clear misuse evidence,,,,,not_run_for_this_video,,,,5,0,,,,,needs_human_validation,4,0.778
7389705231749106974,,,,,0,No clear misuse evidence,,,,,not_run_for_this_video,,,,0,0,,,,,no_current_flag,0,0.556
7391463279891107102,https://www.tiktokv.com/share/video/7391463279891107102/,Marijuana Concentrates,THCA,0.62,2,Misuse-related evidence,,,,,not_run_for_this_video,,,,5,0,,,,,needs_human_validation,6,0.778
7391946331436404014,https://www.tiktokv.com/share/video/7391946331436404014/,,,,2,Misuse-related evidence,,,,,not_run_for_this_video,,,,0,0,,,,,no_current_flag,0,0.556
7392337364112133422,https://www.tiktokv.com/share/video/7392337364112133422/,,,,2,Misuse-related evidence,,,,,not_run_for_this_video,,,,0,0,,,,,no_current_flag,0,0.556
7393067855333559598,,,,,2,Misuse-related evidence,,,,,not_run_for_this_video,,,,0,0,,,,,no_current_flag,0,0.556
7393277651714198791,,Cocaine,Ice Cream,0.88,0,No clear misuse evidence,,,,,not_run_for_this_video,,,,5,0,,,,,needs_human_validation,4,0.778
7393727987528584481,,,,,0,No clear misuse evidence,,,,,not_run_for_this_video,,,,0,0,,,,,no_current_flag,0,0.556
7393764726234238240,,,,,0,No clear misuse evidence,,,,,not_run_for_this_video,,,,0,0,,,,,no_current_flag,0,0.556
7394431067115048198,,,,,0,No clear misuse evidence,,,,,not_run_for_this_video,,,,0,0,,,,,no_current_flag,0,0.556
7394570732145020202,https://www.tiktokv.com/share/video/7394570732145020202/,Cannabis (THC),za,0.82,2,Misuse-related evidence,,,,,not_run_for_this_video,,,,3,0,,,,,needs_human_validation,4,0.778
7394773081220238635,https://www.tiktokv.com/share/video/7394773081220238635/,,,,2,Misuse-related evidence,,,,,not_run_for_this_video,,,,0,0,,,,,no_current_flag,0,0.556
7394789814068841759,https://www.tiktokv.com/share/video/7394789814068841759/,Cannabis (THC),weed,0.82,2,Misuse-related evidence,,,,,not_run_for_this_video,,,,13,0,,,,,needs_human_validation,16,0.778
7396123365284613406,https://www.tiktokv.com/share/video/7396123365284613406/,,,,2,Misuse-related evidence,,,,,not_run_for_this_video,,,,0,0,,,,,no_current_flag,0,0.556
7396438563426045230,https://www.tiktokv.com/share/video/7396438563426045230/,,,,2,Misuse-related evidence,,,,,not_run_for_this_video,,,,0,0,,,,,no_current_flag,0,0.556
7396585412615015687,,,,,0,No clear misuse evidence,,,,,not_run_for_this_video,,,,0,0,,,,,no_current_flag,0,0.556
7396703948196957446,,,,,0,No clear misuse evidence,,,,,not_run_for_this_video,,,,0,0,,,,,no_current_flag,0,0.556
7398636704027954464,,,,,0,No clear misuse evidence,,,,,not_run_for_this_video,,,,0,0,,,,,no_current_flag,0,0.556
7398952033962741022,,,,,0,No clear misuse evidence,,,,,not_run_for_this_video,,,,0,0,,,,,no_current_flag,0,0.556
7399123596037213447,,,,,0,No clear misuse evidence,,,,,not_run_for_this_video,,,,0,0,,,,,no_current_flag,0,0.556
7401290165928480005,,,,,0,No clear misuse evidence,,,,,not_run_for_this_video,,,,0,0,,,,,no_current_flag,0,0.556
7401908598772682026,,,,,0,No clear misuse evidence,,,,,not_run_for_this_video,,,,0,0,,,,,no_current_flag,0,0.556
7402143423903436040,,Methamphetamine,meth,0.82,1,Weak / ambiguous drug reference,,,,,not_run_for_this_video,,,,5,0,,,,,needs_human_validation,6,0.778
7402241506775534881,https://www.tiktokv.com/share/video/7402241506775534881/,LSD,acid,0.82,2,Misuse-related evidence,,,,,not_run_for_this_video,,,,5,0,,,,,needs_human_validation,6,0.778
7402990627962506501,,,,,0,No clear misuse evidence,,,,,not_run_for_this_video,,,,0,0,,,,,no_current_flag,0,0.556
7403465096975928609,,,,,0,No clear misuse evidence,,,,,not_run_for_this_video,,,,0,0,,,,,no_current_flag,0,0.556
7403690989879069985,,,,,0,No clear misuse evidence,,,,,not_run_for_this_video,,,,0,0,,,,,no_current_flag,0,0.556
7403750816554831134,https://www.tiktokv.com/share/video/7403750816554831134/,,,,2,Misuse-related evidence,,,,,not_run_for_this_video,,,,0,0,,,,,no_current_flag,0,0.556
7403867986144103710,,,,,0,No clear misuse evidence,,,,,not_run_for_this_video,,,,0,0,,,,,no_current_flag,0,0.556
7403881008103165227,,,,,0,No clear misuse evidence,,,,,not_run_for_this_video,,,,0,0,,,,,no_current_flag,0,0.556
7404859659917479210,,Fentanyl,Fentanyl,0.88,2,Misuse-related evidence,,,,,not_run_for_this_video,,,,5,0,,,,,needs_human_validation,4,0.778
7404899107342388513,,,,,0,No clear misuse evidence,,,,,not_run_for_this_video,,,,0,0,,,,,no_current_flag,0,0.556
7405039949738773803,https://www.tiktokv.com/share/video/7405039949738773803/,,,,2,Misuse-related evidence,,,,,not_run_for_this_video,,,,0,0,,,,,no_current_flag,0,0.556
7405171299917647134,https://www.tiktokv.com/share/video/7405171299917647134/,,,,2,Misuse-related evidence,,,,,not_run_for_this_video,,,,0,0,,,,,no_current_flag,0,0.556
7405738691966012703,,,,,0,No clear misuse evidence,,,,,not_run_for_this_video,,,,0,0,,,,,no_current_flag,0,0.556
7407162997631716651,https://www.tiktokv.com/share/video/7407162997631716651/,,,,1,Weak / ambiguous drug reference,,,,,not_run_for_this_video,,,,0,0,,,,,no_current_flag,0,0.556
7407483934725983521,,,,,0,No clear misuse evidence,,,,,not_run_for_this_video,,,,0,0,,,,,no_current_flag,0,0.556
7407810794592963848,,,,,0,No clear misuse evidence,,,,,not_run_for_this_video,,,,0,0,,,,,no_current_flag,0,0.556
7407842414490193158,,,,,0,No clear misuse evidence,,,,,not_run_for_this_video,,,,0,0,,,,,no_current_flag,0,0.556
7407912163467136298,,,,,0,No clear misuse evidence,,,,,not_run_for_this_video,,,,0,0,,,,,no_current_flag,0,0.556
7408006953579842859,https://www.tiktokv.com/share/video/7408006953579842859/,,,,2,Misuse-related evidence,,,,,not_run_for_this_video,,,,0,0,,,,,no_current_flag,0,0.556
7408306294131526944,,,,,0,No clear misuse evidence,,,,,not_run_for_this_video,,,,0,0,,,,,no_current_flag,0,0.556
7408603361672482056,,,,,0,No clear misuse evidence,,,,,not_run_for_this_video,,,,0,0,,,,,no_current_flag,0,0.556
7409041904681159978,,,,,0,No clear misuse evidence,,,,,not_run_for_this_video,,,,0,0,,,,,no_current_flag,0,0.556
7409315662805486880,,,,,0,No clear misuse evidence,,,,,not_run_for_this_video,,,,0,0,,,,,no_current_flag,0,0.556
7409349015847947562,https://www.tiktokv.com/share/video/7409349015847947562/,,,,2,Misuse-related evidence,,,,,not_run_for_this_video,,,,0,0,,,,,no_current_flag,0,0.556
7409449188620127489,,,,,0,No clear misuse evidence,,,,,not_run_for_this_video,,,,0,0,,,,,no_current_flag,0,0.556
7409893054196321541,,,,,0,No clear misuse evidence,,,,,not_run_for_this_video,,,,0,0,,,,,no_current_flag,0,0.556
7410490150662245637,,,,,0,No clear misuse evidence,,,,,not_run_for_this_video,,,,0,0,,,,,no_current_flag,0,0.556
7410644791274409262,https://www.tiktokv.com/share/video/7410644791274409262/,,,,2,Misuse-related evidence,,,,,not_run_for_this_video,,,,0,0,,,,,no_current_flag,0,0.556
7411236042851831070,https://www.tiktokv.com/share/video/7411236042851831070/,,,,2,Misuse-related evidence,,,,,not_run_for_this_video,,,,0,0,,,,,no_current_flag,0,0.556
7411616843854662943,https://www.tiktokv.com/share/video/7411616843854662943/,,,,2,Misuse-related evidence,,,,,not_run_for_this_video,,,,0,0,,,,,no_current_flag,0,0.556
7412689086491708714,,,,,0,No clear misuse evidence,,,,,not_run_for_this_video,,,,0,0,,,,,no_current_flag,0,0.556
7412995224068164896,,Marijuana\Cannabis,Cannabis,0.88,0,No clear misuse evidence,,,,,not_run_for_this_video,,,,5,0,,,,,needs_human_validation,4,0.778
7413129483013672198,,,,,0,No clear misuse evidence,,,,,not_run_for_this_video,,,,0,0,,,,,no_current_flag,0,0.556
7413419174044650785,,,,,0,No clear misuse evidence,,,,,not_run_for_this_video,,,,0,0,,,,,no_current_flag,0,0.556
7413534428271594757,,,,,0,No clear misuse evidence,,,,,not_run_for_this_video,,,,0,0,,,,,no_current_flag,0,0.556
7413938913573637406,,,,,0,No clear misuse evidence,,,,,not_run_for_this_video,,,,0,0,,,,,no_current_flag,0,0.556
7414765154031652128,,,,,0,No clear misuse evidence,,,,,not_run_for_this_video,,,,0,0,,,,,no_current_flag,0,0.556
7414805725290958087,,,,,0,No clear misuse evidence,,,,,not_run_for_this_video,,,,0,0,,,,,no_current_flag,0,0.556
7414893032773815585,,,,,0,No clear misuse evidence,,,,,not_run_for_this_video,,,,0,0,,,,,no_current_flag,0,0.556
7415061916785118494,https://www.tiktokv.com/share/video/7415061916785118494/,,,,2,Misuse-related evidence,,,,,not_run_for_this_video,,,,0,0,,,,,no_current_flag,0,0.556
7415628973171870984,,,,,0,No clear misuse evidence,,,,,not_run_for_this_video,,,,0,0,,,,,no_current_flag,0,0.556
7415630471138118955,https://www.tiktokv.com/share/video/7415630471138118955/,,,,2,Misuse-related evidence,,,,,not_run_for_this_video,,,,0,0,,,,,no_current_flag,0,0.556
7415699373343984928,,,,,0,No clear misuse evidence,,,,,not_run_for_this_video,,,,0,0,,,,,no_current_flag,0,0.556
7415733549996854533,,,,,0,No clear misuse evidence,,,,,not_run_for_this_video,,,,0,0,,,,,no_current_flag,0,0.556
7416533133345951006,,,,,0,No clear misuse evidence,,,,,not_run_for_this_video,,,,0,0,,,,,no_current_flag,0,0.556
7416540911431208235,https://www.tiktokv.com/share/video/7416540911431208235/,Cannabis (THC),za,0.82,2,Misuse-related evidence,,,,,not_run_for_this_video,,,,3,0,,,,,needs_human_validation,4,0.778
7416768824818683166,,,,,0,No clear misuse evidence,,,,,not_run_for_this_video,,,,0,0,,,,,no_current_flag,0,0.556
7417205543732825377,https://www.tiktokv.com/share/video/7417205543732825377/,,,,2,Misuse-related evidence,,,,,not_run_for_this_video,,,,0,0,,,,,no_current_flag,0,0.556
7417507307866590506,https://www.tiktokv.com/share/video/7417507307866590506/,,,,2,Misuse-related evidence,,,,,not_run_for_this_video,,,,0,0,,,,,no_current_flag,0,0.556
7418100320535858437,,,,,0,No clear misuse evidence,,,,,not_run_for_this_video,,,,0,0,,,,,no_current_flag,0,0.556
7418642424517381418,,Cannabis (THC),Reefer,0.62,0,No clear misuse evidence,,,,,not_run_for_this_video,,,,3,0,,,,,needs_human_validation,4,0.778
7418728528029519150,,,,,0,No clear misuse evidence,,,,,not_run_for_this_video,,,,0,0,,,,,no_current_flag,0,0.556
7418786974347070750,,,,,0,No clear misuse evidence,,,,,not_run_for_this_video,,,,0,0,,,,,no_current_flag,0,0.556
7418789208967384343,,Lorazepam,Lorazepam,0.88,3,High-risk / explicit review,,,,,not_run_for_this_video,,,,5,0,,,,,needs_human_validation,4,0.778
7419969857971621126,,,,,0,No clear misuse evidence,,,,,not_run_for_this_video,,,,0,0,,,,,no_current_flag,0,0.556
7420191809185271071,,,,,0,No clear misuse evidence,,,,,not_run_for_this_video,,,,0,0,,,,,no_current_flag,0,0.556
7420619416754261290,,Fentanyl and Derivatives (e.g.; meta‑Fluorofentanyl; Acryloylfentanyl),Crazy,0.62,1,Weak / ambiguous drug reference,,,,,not_run_for_this_video,,,,10,0,,,,,needs_human_validation,10,0.778
7422816401922067758,https://www.tiktokv.com/share/video/7422816401922067758/,,,,2,Misuse-related evidence,,,,,not_run_for_this_video,,,,0,0,,,,,no_current_flag,0,0.556
7423375581892463875,,,,,0,No clear misuse evidence,,,,,not_run_for_this_video,,,,0,0,,,,,no_current_flag,0,0.556
7423410403696282912,,,,,0,No clear misuse evidence,,,,,not_run_for_this_video,,,,0,0,,,,,no_current_flag,0,0.556
7424208485140729121,,,,,0,No clear misuse evidence,,,,,not_run_for_this_video,,,,0,0,,,,,no_current_flag,0,0.556
7424285266304781614,,Marijuana Concentrates,cart,0.82,0,No clear misuse evidence,,,,,not_run_for_this_video,,,,5,0,,,,,needs_human_validation,6,0.778
7425358750275357957,,,,,0,No clear misuse evidence,,,,,not_run_for_this_video,,,,0,0,,,,,no_current_flag,0,0.556
7425461435150454059,,,,,0,No clear misuse evidence,,,,,not_run_for_this_video,,,,0,0,,,,,no_current_flag,0,0.556
7426534293360381227,,,,,0,No clear misuse evidence,,,,,not_run_for_this_video,,,,0,0,,,,,no_current_flag,0,0.556
7426616619142515985,,,,,0,No clear misuse evidence,,,,,not_run_for_this_video,,,,0,0,,,,,no_current_flag,0,0.556
7426624374880357638,,,,,0,No clear misuse evidence,,,,,not_run_for_this_video,,,,0,0,,,,,no_current_flag,0,0.556
7426808482394885406,https://www.tiktokv.com/share/video/7426808482394885406/,Cannabis (THC),weed,0.82,2,Misuse-related evidence,,,,,not_run_for_this_video,,,,3,0,,,,,needs_human_validation,4,0.778
7428244148437667103,,,,,0,No clear misuse evidence,,,,,not_run_for_this_video,,,,0,0,,,,,no_current_flag,0,0.556
7428249725670853921,,,,,0,No clear misuse evidence,,,,,not_run_for_this_video,,,,0,0,,,,,no_current_flag,0,0.556
7428380652652825887,,,,,0,No clear misuse evidence,,,,,not_run_for_this_video,,,,0,0,,,,,no_current_flag,0,0.556
7428648142964411681,,,,,0,No clear misuse evidence,,,,,not_run_for_this_video,,,,0,0,,,,,no_current_flag,0,0.556
7429075445141949699,,,,,0,No clear misuse evidence,,,,,not_run_for_this_video,,,,0,0,,,,,no_current_flag,0,0.556
7429104686009011486,,Gabapentin,Gabapentin,0.88,1,Weak / ambiguous drug reference,,,,,not_run_for_this_video,,,,5,0,,,,,needs_human_validation,4,0.778
7429515643801652510,,Gabapentin,Gabapentin,0.88,0,No clear misuse evidence,,,,,not_run_for_this_video,,,,6,0,,,,,needs_human_validation,4,0.778
7430115181092588846,,,,,2,Misuse-related evidence,,,,,not_run_for_this_video,,,,0,0,,,,,no_current_flag,0,0.556
7430304995204975890,,,,,0,No clear misuse evidence,,,,,not_run_for_this_video,,,,0,0,,,,,no_current_flag,0,0.556
7430700137669725471,https://www.tiktokv.com/share/video/7430700137669725471/,,,,2,Misuse-related evidence,,,,,not_run_for_this_video,,,,0,0,,,,,no_current_flag,0,0.556
7431255984808430890,,,,,0,No clear misuse evidence,,,,,not_run_for_this_video,,,,0,0,,,,,no_current_flag,0,0.556
7431335908940598560,,,,,0,No clear misuse evidence,,,,,not_run_for_this_video,,,,0,0,,,,,no_current_flag,0,0.556
7431425603720482090,,,,,0,No clear misuse evidence,,,,,not_run_for_this_video,,,,0,0,,,,,no_current_flag,0,0.556
7431659216357707039,,,,,0,No clear misuse evidence,,,,,not_run_for_this_video,,,,0,0,,,,,no_current_flag,0,0.556
7432423192720952607,,,,,0,No clear misuse evidence,,,,,not_run_for_this_video,,,,0,0,,,,,no_current_flag,0,0.556
7432651153613032709,,,,,0,No clear misuse evidence,,,,,not_run_for_this_video,,,,0,0,,,,,no_current_flag,0,0.556
7432752949421526302,,,,,0,No clear misuse evidence,,,,,not_run_for_this_video,,,,0,0,,,,,no_current_flag,0,0.556
7432797489926917419,https://www.tiktokv.com/share/video/7432797489926917419/,,,,2,Misuse-related evidence,,,,,not_run_for_this_video,,,,0,0,,,,,no_current_flag,0,0.556
7432803167336746270,https://www.tiktokv.com/share/video/7432803167336746270/,,,,2,Misuse-related evidence,,,,,not_run_for_this_video,,,,0,0,,,,,no_current_flag,0,0.556
7433014526338944276,,,,,0,No clear misuse evidence,,,,,not_run_for_this_video,,,,0,0,,,,,no_current_flag,0,0.556
7433243838656826666,,,,,0,No clear misuse evidence,,,,,not_run_for_this_video,,,,0,0,,,,,no_current_flag,0,0.556
7433314859695049992,,,,,0,No clear misuse evidence,,,,,not_run_for_this_video,,,,0,0,,,,,no_current_flag,0,0.556
7433470676901678369,,,,,0,No clear misuse evidence,,,,,not_run_for_this_video,,,,0,0,,,,,no_current_flag,0,0.556
7433496567774039302,,,,,0,No clear misuse evidence,,,,,not_run_for_this_video,,,,0,0,,,,,no_current_flag,0,0.556
7434189950557441312,,,,,0,No clear misuse evidence,,,,,not_run_for_this_video,,,,0,0,,,,,no_current_flag,0,0.556
7434261757205531935,https://www.tiktokv.com/share/video/7434261757205531935/,,,,2,Misuse-related evidence,,,,,not_run_for_this_video,,,,0,0,,,,,no_current_flag,0,0.556
7434750340681043255,,,,,0,No clear misuse evidence,,,,,not_run_for_this_video,,,,0,0,,,,,no_current_flag,0,0.556
7434932897162857771,https://www.tiktokv.com/share/video/7434932897162857771/,,,,2,Misuse-related evidence,,,,,not_run_for_this_video,,,,0,0,,,,,no_current_flag,0,0.556
7434944320488197418,https://www.tiktokv.com/share/video/7434944320488197418/,MDMA (Ecstasy),e pill,0.82,2,Misuse-related evidence,,,,,not_run_for_this_video,,,,8,0,,,,,needs_human_validation,10,0.778
7435373192593624362,,Methadone,Methadone,0.88,1,Weak / ambiguous drug reference,,,,,not_run_for_this_video,,,,5,0,,,,,needs_human_validation,4,0.778
7435458130336615726,,,,,0,No clear misuse evidence,,,,,not_run_for_this_video,,,,0,0,,,,,no_current_flag,0,0.556
7435727337813167406,,,,,0,No clear misuse evidence,,,,,not_run_for_this_video,,,,0,0,,,,,no_current_flag,0,0.556
7436067984403090691,,,,,0,No clear misuse evidence,,,,,not_run_for_this_video,,,,0,0,,,,,no_current_flag,0,0.556
7436107662552468791,,,,,0,No clear misuse evidence,,,,,not_run_for_this_video,,,,0,0,,,,,no_current_flag,0,0.556
7436236667150732574,,,,,0,No clear misuse evidence,,,,,not_run_for_this_video,,,,0,0,,,,,no_current_flag,0,0.556
7436381463110503710,,,,,0,No clear misuse evidence,,,,,not_run_for_this_video,,,,0,0,,,,,no_current_flag,0,0.556
7436678666844704033,,,,,0,No clear misuse evidence,,,,,not_run_for_this_video,,,,0,0,,,,,no_current_flag,0,0.556
7437235995575209246,https://www.tiktokv.com/share/video/7437235995575209246/,Cannabis (THC),za,0.82,2,Misuse-related evidence,,,,,not_run_for_this_video,,,,3,0,,,,,needs_human_validation,4,0.778
7437282122466889015,,,,,0,No clear misuse evidence,,,,,not_run_for_this_video,,,,0,0,,,,,no_current_flag,0,0.556
7437395749693934904,,,,,0,No clear misuse evidence,,,,,not_run_for_this_video,,,,0,0,,,,,no_current_flag,0,0.556
7437469157496573191,,,,,0,No clear misuse evidence,,,,,not_run_for_this_video,,,,0,0,,,,,no_current_flag,0,0.556
7437498980365356320,,,,,0,No clear misuse evidence,,,,,not_run_for_this_video,,,,0,0,,,,,no_current_flag,0,0.556
7437847190820703534,,,,,3,High-risk / explicit review,,,,,not_run_for_this_video,,,,0,0,,,,,no_current_flag,0,0.556
7438324962957561134,,,,,0,No clear misuse evidence,,,,,not_run_for_this_video,,,,0,0,,,,,no_current_flag,0,0.556
7438711589382982958,,,,,0,No clear misuse evidence,,,,,not_run_for_this_video,,,,0,0,,,,,no_current_flag,0,0.556
7438730592038161710,,Crack Cocaine,Hard,0.62,1,Weak / ambiguous drug reference,,,,,not_run_for_this_video,,,,5,0,,,,,needs_human_validation,6,0.778
7439174755095301418,https://www.tiktokv.com/share/video/7439174755095301418/,,,,2,Misuse-related evidence,,,,,not_run_for_this_video,,,,0,0,,,,,no_current_flag,0,0.556
7439594903337717047,,,,,0,No clear misuse evidence,,,,,not_run_for_this_video,,,,0,0,,,,,no_current_flag,0,0.556
7439886714048367914,,,,,0,No clear misuse evidence,,,,,not_run_for_this_video,,,,0,0,,,,,no_current_flag,0,0.556
7440096420104817950,,,,,0,No clear misuse evidence,,,,,not_run_for_this_video,,,,0,0,,,,,no_current_flag,0,0.556
7440969745785998648,,,,,0,No clear misuse evidence,,,,,not_run_for_this_video,,,,0,0,,,,,no_current_flag,0,0.556
7441291003987791112,,,,,0,No clear misuse evidence,,,,,not_run_for_this_video,,,,0,0,,,,,no_current_flag,0,0.556
7441583856639069496,,,,,0,No clear misuse evidence,,,,,not_run_for_this_video,,,,0,0,,,,,no_current_flag,0,0.556
7441711949261475118,,,,,0,No clear misuse evidence,,,,,not_run_for_this_video,,,,0,0,,,,,no_current_flag,0,0.556
7441800883442158903,,MDMA (Ecstasy),ecstasy,0.82,0,No clear misuse evidence,,,,,not_run_for_this_video,,,,3,0,,,,,needs_human_validation,4,0.778
7442237576695614742,,,,,0,No clear misuse evidence,,,,,not_run_for_this_video,,,,0,0,,,,,no_current_flag,0,0.556
7443394112969067831,,,,,0,No clear misuse evidence,,,,,not_run_for_this_video,,,,0,0,,,,,no_current_flag,0,0.556
7443635963735215406,,,,,0,No clear misuse evidence,,,,,not_run_for_this_video,,,,0,0,,,,,no_current_flag,0,0.556
7444558929662872878,https://www.tiktokv.com/share/video/7444558929662872878/,MDMA (Ecstasy),e pill,0.82,2,Misuse-related evidence,,,,,not_run_for_this_video,,,,3,0,,,,,needs_human_validation,4,0.778
7445730135333948715,,,,,0,No clear misuse evidence,,,,,not_run_for_this_video,,,,0,0,,,,,no_current_flag,0,0.556
7447477464122576170,,,,,0,No clear misuse evidence,,,,,not_run_for_this_video,,,,0,0,,,,,no_current_flag,0,0.556
7447660277253819691,,,,,0,No clear misuse evidence,,,,,not_run_for_this_video,,,,0,0,,,,,no_current_flag,0,0.556
7447897268130286856,,,,,1,Weak / ambiguous drug reference,,,,,not_run_for_this_video,,,,0,0,,,,,no_current_flag,0,0.556
7447937909006601504,,,,,1,Weak / ambiguous drug reference,,,,,not_run_for_this_video,,,,0,0,,,,,no_current_flag,0,0.556
7448221235579866374,,,,,0,No clear misuse evidence,,,,,not_run_for_this_video,,,,0,0,,,,,no_current_flag,0,0.556
7448751024690580769,,,,,0,No clear misuse evidence,,,,,not_run_for_this_video,,,,0,0,,,,,no_current_flag,0,0.556
7448751394053524769,,Psilocybin Mushrooms,Magic,0.62,0,No clear misuse evidence,,,,,not_run_for_this_video,,,,10,0,,,,,needs_human_validation,12,0.778
7448881974686780718,,,,,0,No clear misuse evidence,,,,,not_run_for_this_video,,,,0,0,,,,,no_current_flag,0,0.556
7449022995252677931,https://www.tiktokv.com/share/video/7449022995252677931/,,,,2,Misuse-related evidence,,,,,not_run_for_this_video,,,,0,0,,,,,no_current_flag,0,0.556
7449146428624047406,,,,,0,No clear misuse evidence,,,,,not_run_for_this_video,,,,0,0,,,,,no_current_flag,0,0.556
7449327143303089454,,,,,0,No clear misuse evidence,,,,,not_run_for_this_video,,,,0,0,,,,,no_current_flag,0,0.556
7449340950582709547,,,,,0,No clear misuse evidence,,,,,not_run_for_this_video,,,,0,0,,,,,no_current_flag,0,0.556
7449427536427207966,https://www.tiktokv.com/share/video/7449427536427207966/,,,,2,Misuse-related evidence,,,,,not_run_for_this_video,,,,0,0,,,,,no_current_flag,0,0.556
7449660488318864671,,,,,0,No clear misuse evidence,,,,,not_run_for_this_video,,,,0,0,,,,,no_current_flag,0,0.556
7449747514162531627,,,,,0,No clear misuse evidence,,,,,not_run_for_this_video,,,,0,0,,,,,no_current_flag,0,0.556
7449820311941434654,,Methadone,Methadone,0.88,0,No clear misuse evidence,,,,,not_run_for_this_video,,,,5,0,,,,,needs_human_validation,4,0.778
7450519401134083371,,,,,0,No clear misuse evidence,,,,,not_run_for_this_video,,,,0,0,,,,,no_current_flag,0,0.556
7451256772826008878,,,,,0,No clear misuse evidence,,,,,not_run_for_this_video,,,,0,0,,,,,no_current_flag,0,0.556
7451740825039424790,,,,,1,Weak / ambiguous drug reference,,,,,not_run_for_this_video,,,,0,0,,,,,no_current_flag,0,0.556
7451781031625051434,,,,,1,Weak / ambiguous drug reference,,,,,not_run_for_this_video,,,,0,0,,,,,no_current_flag,0,0.556
7451781570509147414,,,,,0,No clear misuse evidence,,,,,not_run_for_this_video,,,,0,0,,,,,no_current_flag,0,0.556
7452771762506304810,,,,,0,No clear misuse evidence,,,,,not_run_for_this_video,,,,0,0,,,,,no_current_flag,0,0.556
7453737969015377198,,,,,0,No clear misuse evidence,,,,,not_run_for_this_video,,,,0,0,,,,,no_current_flag,0,0.556
7454017937398058282,https://www.tiktokv.com/share/video/7454017937398058282/,Cannabis (THC),za,0.82,2,Misuse-related evidence,,,,,not_run_for_this_video,,,,3,0,,,,,needs_human_validation,4,0.778
7454157641003109674,,,,,0,No clear misuse evidence,,,,,not_run_for_this_video,,,,0,0,,,,,no_current_flag,0,0.556
7454287893847182623,,Phencyclidine (PCP),PCP,0.88,0,No clear misuse evidence,,,,,not_run_for_this_video,,,,5,0,,,,,needs_human_validation,4,0.778
7454995830726987041,,,,,0,No clear misuse evidence,,,,,not_run_for_this_video,,,,0,0,,,,,no_current_flag,0,0.556
7455099051869162798,https://www.tiktokv.com/share/video/7455099051869162798/,,,,2,Misuse-related evidence,,,,,not_run_for_this_video,,,,0,0,,,,,no_current_flag,0,0.556
7455498911810096426,,,,,0,No clear misuse evidence,,,,,not_run_for_this_video,,,,0,0,,,,,no_current_flag,0,0.556
7455539888394358046,,,,,0,No clear misuse evidence,,,,,not_run_for_this_video,,,,0,0,,,,,no_current_flag,0,0.556
7455546755195735327,,,,,0,No clear misuse evidence,,,,,not_run_for_this_video,,,,0,0,,,,,no_current_flag,0,0.556
7455720402204036394,,,,,0,No clear misuse evidence,,,,,not_run_for_this_video,,,,0,0,,,,,no_current_flag,0,0.556
7455901230280281375,,,,,0,No clear misuse evidence,,,,,not_run_for_this_video,,,,0,0,,,,,no_current_flag,0,0.556
7456099754305506602,,,,,0,No clear misuse evidence,,,,,not_run_for_this_video,,,,0,0,,,,,no_current_flag,0,0.556
7456513480858832158,,,,,0,No clear misuse evidence,,,,,not_run_for_this_video,,,,0,0,,,,,no_current_flag,0,0.556
7456516482017561898,https://www.tiktokv.com/share/video/7456516482017561898/,,,,2,Misuse-related evidence,,,,,not_run_for_this_video,,,,0,0,,,,,no_current_flag,0,0.556
7456706563022015790,,,,,0,No clear misuse evidence,,,,,not_run_for_this_video,,,,0,0,,,,,no_current_flag,0,0.556
7456876271381908767,,,,,0,No clear misuse evidence,,,,,not_run_for_this_video,,,,0,0,,,,,no_current_flag,0,0.556
7457246269493366046,,,,,0,No clear misuse evidence,,,,,not_run_for_this_video,,,,0,0,,,,,no_current_flag,0,0.556
7457311621203971371,,,,,0,No clear misuse evidence,,,,,not_run_for_this_video,,,,0,0,,,,,no_current_flag,0,0.556
7457533495670312199,,,,,0,No clear misuse evidence,,,,,not_run_for_this_video,,,,0,0,,,,,no_current_flag,0,0.556
7457954529233947935,,,,,0,No clear misuse evidence,,,,,not_run_for_this_video,,,,0,0,,,,,no_current_flag,0,0.556
7458080747723820334,,,,,0,No clear misuse evidence,,,,,not_run_for_this_video,,,,0,0,,,,,no_current_flag,0,0.556
7458144272865299754,,,,,0,No clear misuse evidence,,,,,not_run_for_this_video,,,,0,0,,,,,no_current_flag,0,0.556
7458440125740240174,https://www.tiktokv.com/share/video/7458440125740240174/,Cannabis (THC),za,0.82,2,Misuse-related evidence,,,,,not_run_for_this_video,,,,3,0,,,,,needs_human_validation,4,0.778
7459174973593095467,,,,,0,No clear misuse evidence,,,,,not_run_for_this_video,,,,0,0,,,,,no_current_flag,0,0.556
7459249175251701035,,,,,0,No clear misuse evidence,,,,,not_run_for_this_video,,,,0,0,,,,,no_current_flag,0,0.556
7459806604674780424,,,,,0,No clear misuse evidence,,,,,not_run_for_this_video,,,,0,0,,,,,no_current_flag,0,0.556
7459812060013088042,,,,,0,No clear misuse evidence,,,,,not_run_for_this_video,,,,0,0,,,,,no_current_flag,0,0.556
7459843656892042526,,,,,0,No clear misuse evidence,,,,,not_run_for_this_video,,,,0,0,,,,,no_current_flag,0,0.556
7459882743191686405,,,,,0,No clear misuse evidence,,,,,not_run_for_this_video,,,,0,0,,,,,no_current_flag,0,0.556
7460270684040596769,,,,,0,No clear misuse evidence,,,,,not_run_for_this_video,,,,0,0,,,,,no_current_flag,0,0.556
7460292949222509866,,,,,0,No clear misuse evidence,,,,,not_run_for_this_video,,,,0,0,,,,,no_current_flag,0,0.556
7461097158243126574,,,,,0,No clear misuse evidence,,,,,not_run_for_this_video,,,,0,0,,,,,no_current_flag,0,0.556
7461691148956863774,,,,,0,No clear misuse evidence,,,,,not_run_for_this_video,,,,0,0,,,,,no_current_flag,0,0.556
7461744815689059630,,,,,0,No clear misuse evidence,,,,,not_run_for_this_video,,,,0,0,,,,,no_current_flag,0,0.556
7462326904394124587,,,,,0,No clear misuse evidence,,,,,not_run_for_this_video,,,,0,0,,,,,no_current_flag,0,0.556
7463308931725626641,,,,,0,No clear misuse evidence,,,,,not_run_for_this_video,,,,0,0,,,,,no_current_flag,0,0.556
7464098077549415723,,,,,0,No clear misuse evidence,,,,,not_run_for_this_video,,,,0,0,,,,,no_current_flag,0,0.556
7464797125361126686,,,,,0,No clear misuse evidence,,,,,not_run_for_this_video,,,,0,0,,,,,no_current_flag,0,0.556
7464893078025866538,https://www.tiktokv.com/share/video/7464893078025866538/,,,,2,Misuse-related evidence,,,,,not_run_for_this_video,,,,0,0,,,,,no_current_flag,0,0.556
7465435606466759982,,,,,0,No clear misuse evidence,,,,,not_run_for_this_video,,,,0,0,,,,,no_current_flag,0,0.556
7465871962535939359,,,,,0,No clear misuse evidence,,,,,not_run_for_this_video,,,,0,0,,,,,no_current_flag,0,0.556
7466129976572644654,,Fentanyl and Derivatives (e.g.; meta‑Fluorofentanyl; Acryloylfentanyl),Crazy,0.62,0,No clear misuse evidence,,,,,not_run_for_this_video,,,,5,0,,,,,needs_human_validation,6,0.778
7466130253086264606,https://www.tiktokv.com/share/video/7466130253086264606/,,,,2,Misuse-related evidence,,,,,not_run_for_this_video,,,,0,0,,,,,no_current_flag,0,0.556
7466408422397857056,,,,,0,No clear misuse evidence,,,,,not_run_for_this_video,,,,0,0,,,,,no_current_flag,0,0.556
7466673048272309535,,,,,0,No clear misuse evidence,,,,,not_run_for_this_video,,,,0,0,,,,,no_current_flag,0,0.556
7467273435673152800,,,,,0,No clear misuse evidence,,,,,not_run_for_this_video,,,,0,0,,,,,no_current_flag,0,0.556
7468338746803457326,,,,,0,No clear misuse evidence,,,,,not_run_for_this_video,,,,0,0,,,,,no_current_flag,0,0.556
7468934718705208606,https://www.tiktokv.com/share/video/7468934718705208606/,,,,2,Misuse-related evidence,,,,,not_run_for_this_video,,,,0,0,,,,,no_current_flag,0,0.556
7471218632643579158,,,,,0,No clear misuse evidence,,,,,not_run_for_this_video,,,,0,0,,,,,no_current_flag,0,0.556
7471559777366166830,,,,,0,No clear misuse evidence,,,,,not_run_for_this_video,,,,0,0,,,,,no_current_flag,0,0.556
7472891269388242206,https://www.tiktokv.com/share/video/7472891269388242206/,,,,2,Misuse-related evidence,,,,,not_run_for_this_video,,,,0,0,,,,,no_current_flag,0,0.556
7473579570336140566,,,,,0,No clear misuse evidence,,,,,not_run_for_this_video,,,,0,0,,,,,no_current_flag,0,0.556
7473618164811648302,,,,,0,No clear misuse evidence,,,,,not_run_for_this_video,,,,0,0,,,,,no_current_flag,0,0.556
7473634503781797166,,LSD,acid,0.82,0,No clear misuse evidence,,,,,not_run_for_this_video,,,,5,0,,,,,needs_human_validation,6,0.778
7473933946410061111,,,,,0,No clear misuse evidence,,,,,not_run_for_this_video,,,,0,0,,,,,no_current_flag,0,0.556
7473968049368993054,,,,,0,No clear misuse evidence,,,,,not_run_for_this_video,,,,0,0,,,,,no_current_flag,0,0.556
7474086379115302174,https://www.tiktokv.com/share/video/7474086379115302174/,Cannabis (THC),weed,0.82,2,Misuse-related evidence,,,,,not_run_for_this_video,,,,3,0,,,,,needs_human_validation,4,0.778
7474253605076356382,https://www.tiktokv.com/share/video/7474253605076356382/,Marijuana\Cannabis,Blunt,0.62,2,Misuse-related evidence,,,,,not_run_for_this_video,,,,5,0,,,,,needs_human_validation,6,0.778
7475541317783702789,,,,,0,No clear misuse evidence,,,,,not_run_for_this_video,,,,0,0,,,,,no_current_flag,0,0.556
7475826914167377198,,,,,0,No clear misuse evidence,,,,,not_run_for_this_video,,,,0,0,,,,,no_current_flag,0,0.556
7476153657025711391,https://www.tiktokv.com/share/video/7476153657025711391/,,,,2,Misuse-related evidence,,,,,not_run_for_this_video,,,,0,0,,,,,no_current_flag,0,0.556
7476567572259933462,,,,,0,No clear misuse evidence,,,,,not_run_for_this_video,,,,0,0,,,,,no_current_flag,0,0.556
7476588552034241814,,,,,0,No clear misuse evidence,,,,,not_run_for_this_video,,,,0,0,,,,,no_current_flag,0,0.556
7477842237188099370,https://www.tiktokv.com/share/video/7477842237188099370/,rc,rc,0.46,2,Misuse-related evidence,,,,,not_run_for_this_video,,,,5,0,,,,,needs_human_validation,6,0.778
7477944545208995103,https://www.tiktokv.com/share/video/7477944545208995103/,,,,2,Misuse-related evidence,,,,,not_run_for_this_video,,,,0,0,,,,,no_current_flag,0,0.556
7477963973237689643,,,,,0,No clear misuse evidence,,,,,not_run_for_this_video,,,,0,0,,,,,no_current_flag,0,0.556
7478088042696166687,https://www.tiktokv.com/share/video/7478088042696166687/,Cannabis (THC),za,0.82,2,Misuse-related evidence,,,,,not_run_for_this_video,,,,3,0,,,,,needs_human_validation,4,0.778
7478122824960380202,,,,,0,No clear misuse evidence,,,,,not_run_for_this_video,,,,0,0,,,,,no_current_flag,0,0.556
7478371300218539307,https://www.tiktokv.com/share/video/7478371300218539307/,,,,2,Misuse-related evidence,,,,,not_run_for_this_video,,,,0,0,,,,,no_current_flag,0,0.556
7478625590220934446,https://www.tiktokv.com/share/video/7478625590220934446/,,,,2,Misuse-related evidence,,,,,not_run_for_this_video,,,,0,0,,,,,no_current_flag,0,0.556
7478766280485391671,,,,,0,No clear misuse evidence,,,,,not_run_for_this_video,,,,0,0,,,,,no_current_flag,0,0.556
7478900187046432042,https://www.tiktokv.com/share/video/7478900187046432042/,,,,2,Misuse-related evidence,,,,,not_run_for_this_video,,,,0,0,,,,,no_current_flag,0,0.556
7479458942909910318,https://www.tiktokv.com/share/video/7479458942909910318/,rc,rc,0.46,2,Misuse-related evidence,,,,,not_run_for_this_video,,,,5,0,,,,,needs_human_validation,6,0.778
7479478253552438570,,,,,0,No clear misuse evidence,,,,,not_run_for_this_video,,,,0,0,,,,,no_current_flag,0,0.556
7479516835667316010,https://www.tiktokv.com/share/video/7479516835667316010/,rc,rc,0.46,2,Misuse-related evidence,,,,,not_run_for_this_video,,,,5,0,,,,,needs_human_validation,6,0.778
7479747323954810142,https://www.tiktokv.com/share/video/7479747323954810142/,,,,2,Misuse-related evidence,,,,,not_run_for_this_video,,,,0,0,,,,,no_current_flag,0,0.556
7479839051378412842,https://www.tiktokv.com/share/video/7479839051378412842/,Cannabis (THC),za,0.82,2,Misuse-related evidence,,,,,not_run_for_this_video,,,,3,0,,,,,needs_human_validation,4,0.778
7479848195556674859,https://www.tiktokv.com/share/video/7479848195556674859/,,,,2,Misuse-related evidence,,,,,not_run_for_this_video,,,,0,0,,,,,no_current_flag,0,0.556
7479865476298853637,,,,,0,No clear misuse evidence,,,,,not_run_for_this_video,,,,0,0,,,,,no_current_flag,0,0.556
7480029076258934059,https://www.tiktokv.com/share/video/7480029076258934059/,,,,2,Misuse-related evidence,,,,,not_run_for_this_video,,,,0,0,,,,,no_current_flag,0,0.556
7480135978334686486,https://www.tiktokv.com/share/video/7480135978334686486/,rc,rc,0.46,2,Misuse-related evidence,,,,,not_run_for_this_video,,,,5,0,,,,,needs_human_validation,6,0.778
7480398846842080558,https://www.tiktokv.com/share/video/7480398846842080558/,,,,2,Misuse-related evidence,,,,,not_run_for_this_video,,,,0,0,,,,,no_current_flag,0,0.556
7480490724765535510,,,,,0,No clear misuse evidence,,,,,not_run_for_this_video,,,,0,0,,,,,no_current_flag,0,0.556
7480655585906658590,https://www.tiktokv.com/share/video/7480655585906658590/,rc,rc,0.46,2,Misuse-related evidence,,,,,not_run_for_this_video,,,,5,0,,,,,needs_human_validation,6,0.778
7480740335791017262,https://www.tiktokv.com/share/video/7480740335791017262/,,,,2,Misuse-related evidence,,,,,not_run_for_this_video,,,,0,0,,,,,no_current_flag,0,0.556
7480994160787459358,https://www.tiktokv.com/share/video/7480994160787459358/,,,,2,Misuse-related evidence,,,,,not_run_for_this_video,,,,0,0,,,,,no_current_flag,0,0.556
7481002543716257070,https://www.tiktokv.com/share/video/7481002543716257070/,,,,2,Misuse-related evidence,,,,,not_run_for_this_video,,,,0,0,,,,,no_current_flag,0,0.556
7481257370228624670,https://www.tiktokv.com/share/video/7481257370228624670/,Cannabis (THC),za,0.82,2,Misuse-related evidence,,,,,not_run_for_this_video,,,,3,0,,,,,needs_human_validation,4,0.778
7481260928378424619,,,,,1,Weak / ambiguous drug reference,,,,,not_run_for_this_video,,,,0,0,,,,,no_current_flag,0,0.556
7481374323425447190,,,,,0,No clear misuse evidence,,,,,not_run_for_this_video,,,,0,0,,,,,no_current_flag,0,0.556
7481394456864869654,,,,,0,No clear misuse evidence,,,,,not_run_for_this_video,,,,0,0,,,,,no_current_flag,0,0.556
7481524924079721774,https://www.tiktokv.com/share/video/7481524924079721774/,,,,2,Misuse-related evidence,,,,,not_run_for_this_video,,,,0,0,,,,,no_current_flag,0,0.556
7481563333632560391,,,,,0,No clear misuse evidence,,,,,not_run_for_this_video,,,,0,0,,,,,no_current_flag,0,0.556
7481743374215630085,,,,,0,No clear misuse evidence,,,,,not_run_for_this_video,,,,0,0,,,,,no_current_flag,0,0.556
7481771559833586975,https://www.tiktokv.com/share/video/7481771559833586975/,,,,2,Misuse-related evidence,,,,,not_run_for_this_video,,,,0,0,,,,,no_current_flag,0,0.556
7481876599147744543,https://www.tiktokv.com/share/video/7481876599147744543/,,,,2,Misuse-related evidence,,,,,not_run_for_this_video,,,,0,0,,,,,no_current_flag,0,0.556
7482100016241282334,https://www.tiktokv.com/share/video/7482100016241282334/,,,,2,Misuse-related evidence,,,,,not_run_for_this_video,,,,0,0,,,,,no_current_flag,0,0.556
7482487205697457450,https://www.tiktokv.com/share/video/7482487205697457450/,,,,2,Misuse-related evidence,,,,,not_run_for_this_video,,,,0,0,,,,,no_current_flag,0,0.556
7482492801234652458,https://www.tiktokv.com/share/video/7482492801234652458/,,,,2,Misuse-related evidence,,,,,not_run_for_this_video,,,,0,0,,,,,no_current_flag,0,0.556
7482610936797318430,,,,,0,No clear misuse evidence,,,,,not_run_for_this_video,,,,0,0,,,,,no_current_flag,0,0.556
7482619425120701727,https://www.tiktokv.com/share/video/7482619425120701727/,,,,2,Misuse-related evidence,,,,,not_run_for_this_video,,,,0,0,,,,,no_current_flag,0,0.556
7482846419682921759,https://www.tiktokv.com/share/video/7482846419682921759/,Marijuana Concentrates,cart,0.82,2,Misuse-related evidence,,,,,not_run_for_this_video,,,,5,0,,,,,needs_human_validation,6,0.778
7482945004202216746,https://www.tiktokv.com/share/video/7482945004202216746/,,,,2,Misuse-related evidence,,,,,not_run_for_this_video,,,,0,0,,,,,no_current_flag,0,0.556
7483156239346666774,https://www.tiktokv.com/share/video/7483156239346666774/,,,,2,Misuse-related evidence,,,,,not_run_for_this_video,,,,0,0,,,,,no_current_flag,0,0.556
7483220302323862826,https://www.tiktokv.com/share/video/7483220302323862826/,Marijuana Concentrates,cart,0.82,2,Misuse-related evidence,,,,,not_run_for_this_video,,,,11,0,,,,,needs_human_validation,14,0.778
7484015397826563350,,,,,0,No clear misuse evidence,,,,,not_run_for_this_video,,,,0,0,,,,,no_current_flag,0,0.556
7484114633943420203,https://www.tiktokv.com/share/video/7484114633943420203/,Marijuana Concentrates,carts,0.82,2,Misuse-related evidence,,,,,not_run_for_this_video,,,,8,0,,,,,needs_human_validation,10,0.778
7484675419099188511,https://www.tiktokv.com/share/video/7484675419099188511/,Cannabis (THC),weed,0.82,2,Misuse-related evidence,,,,,not_run_for_this_video,,,,3,0,,,,,needs_human_validation,4,0.778
7484783977304231211,https://www.tiktokv.com/share/video/7484783977304231211/,Marijuana Concentrates,cart,0.82,2,Misuse-related evidence,,,,,not_run_for_this_video,,,,5,0,,,,,needs_human_validation,6,0.778
7484933302286159135,https://www.tiktokv.com/share/video/7484933302286159135/,Marijuana Concentrates,cart,0.82,2,Misuse-related evidence,,,,,not_run_for_this_video,,,,5,0,,,,,needs_human_validation,6,0.778
7485112493979995438,https://www.tiktokv.com/share/video/7485112493979995438/,Cocaine,blow,0.62,2,Misuse-related evidence,,,,,not_run_for_this_video,,,,5,0,,,,,needs_human_validation,6,0.778
7485129794540244270,,,,,0,No clear misuse evidence,,,,,not_run_for_this_video,,,,0,0,,,,,no_current_flag,0,0.556
7485226681007951126,,,,,0,No clear misuse evidence,,,,,not_run_for_this_video,,,,0,0,,,,,no_current_flag,0,0.556
7485432553243954454,https://www.tiktokv.com/share/video/7485432553243954454/,,,,2,Misuse-related evidence,,,,,not_run_for_this_video,,,,0,0,,,,,no_current_flag,0,0.556
7485441581256871174,,,,,0,No clear misuse evidence,,,,,not_run_for_this_video,,,,0,0,,,,,no_current_flag,0,0.556
7485450058889055510,https://www.tiktokv.com/share/video/7485450058889055510/,,,,2,Misuse-related evidence,,,,,not_run_for_this_video,,,,0,0,,,,,no_current_flag,0,0.556
7485508132928572714,,,,,0,No clear misuse evidence,,,,,not_run_for_this_video,,,,0,0,,,,,no_current_flag,0,0.556
7485762427653557546,,,,,0,No clear misuse evidence,,,,,not_run_for_this_video,,,,0,0,,,,,no_current_flag,0,0.556
7485788537913183518,https://www.tiktokv.com/share/video/7485788537913183518/,Cannabis (THC),weed,0.82,2,Misuse-related evidence,,,,,not_run_for_this_video,,,,3,0,,,,,needs_human_validation,4,0.778
7485941179406896430,https://www.tiktokv.com/share/video/7485941179406896430/,,,,2,Misuse-related evidence,,,,,not_run_for_this_video,,,,0,0,,,,,no_current_flag,0,0.556
7485971532821351710,https://www.tiktokv.com/share/video/7485971532821351710/,Marijuana Concentrates,carts,0.82,2,Misuse-related evidence,,,,,not_run_for_this_video,,,,5,0,,,,,needs_human_validation,6,0.778
7486056275478908162,,,,,0,No clear misuse evidence,,,,,not_run_for_this_video,,,,0,0,,,,,no_current_flag,0,0.556
7486132653016583467,https://www.tiktokv.com/share/video/7486132653016583467/,,,,2,Misuse-related evidence,,,,,not_run_for_this_video,,,,0,0,,,,,no_current_flag,0,0.556
7486209814352170283,https://www.tiktokv.com/share/video/7486209814352170283/,Marijuana Concentrates,cart,0.82,2,Misuse-related evidence,,,,,not_run_for_this_video,,,,5,0,,,,,needs_human_validation,6,0.778
7486501331402755358,,,,,0,No clear misuse evidence,,,,,not_run_for_this_video,,,,0,0,,,,,no_current_flag,0,0.556
7486549624912645418,https://www.tiktokv.com/share/video/7486549624912645418/,,,,2,Misuse-related evidence,,,,,not_run_for_this_video,,,,0,0,,,,,no_current_flag,0,0.556
7486580743712410910,https://www.tiktokv.com/share/video/7486580743712410910/,,,,2,Misuse-related evidence,,,,,not_run_for_this_video,,,,0,0,,,,,no_current_flag,0,0.556
7486611227288898838,,,,,0,No clear misuse evidence,,,,,not_run_for_this_video,,,,0,0,,,,,no_current_flag,0,0.556
7486650687250713902,,Gabapentin,Gabapentin,0.88,0,No clear misuse evidence,,,,,not_run_for_this_video,,,,10,0,,,,,needs_human_validation,10,0.778
7486868215251864862,https://www.tiktokv.com/share/video/7486868215251864862/,,,,2,Misuse-related evidence,,,,,not_run_for_this_video,,,,0,0,,,,,no_current_flag,0,0.556
7486917334720990495,https://www.tiktokv.com/share/video/7486917334720990495/,Cocaine,Bump,0.62,2,Misuse-related evidence,,,,,not_run_for_this_video,,,,10,0,,,,,needs_human_validation,12,0.778
7486922376492453166,https://www.tiktokv.com/share/video/7486922376492453166/,,,,2,Misuse-related evidence,,,,,not_run_for_this_video,,,,0,0,,,,,no_current_flag,0,0.556
7486937104891628830,https://www.tiktokv.com/share/video/7486937104891628830/,,,,2,Misuse-related evidence,,,,,not_run_for_this_video,,,,0,0,,,,,no_current_flag,0,0.556
7487319320108911918,https://www.tiktokv.com/share/video/7487319320108911918/,rc,rc,0.46,2,Misuse-related evidence,,,,,not_run_for_this_video,,,,5,0,,,,,needs_human_validation,6,0.778
7487378800511143211,https://www.tiktokv.com/share/video/7487378800511143211/,,,,2,Misuse-related evidence,,,,,not_run_for_this_video,,,,0,0,,,,,no_current_flag,0,0.556
7487459195239861534,https://www.tiktokv.com/share/video/7487459195239861534/,rc,rc,0.46,2,Misuse-related evidence,,,,,not_run_for_this_video,,,,5,0,,,,,needs_human_validation,6,0.778
7487486167395355909,,,,,0,No clear misuse evidence,,,,,not_run_for_this_video,,,,0,0,,,,,no_current_flag,0,0.556
7487527954168253703,,Cocaine,Ice Cream,0.88,0,No clear misuse evidence,,,,,not_run_for_this_video,,,,5,0,,,,,needs_human_validation,4,0.778
7488898911986388267,,,,,0,No clear misuse evidence,,,,,not_run_for_this_video,,,,0,0,,,,,no_current_flag,0,0.556
7488902774751743278,,Fentanyl,Fentanyl,0.88,1,Weak / ambiguous drug reference,,,,,not_run_for_this_video,,,,13,0,,,,,needs_human_validation,12,0.778
7489147638403812654,,,,,0,No clear misuse evidence,,,,,not_run_for_this_video,,,,0,0,,,,,no_current_flag,0,0.556
7489177853402287406,,,,,0,No clear misuse evidence,,,,,not_run_for_this_video,,,,0,0,,,,,no_current_flag,0,0.556
7489187019386555678,,,,,0,No clear misuse evidence,,,,,not_run_for_this_video,,,,0,0,,,,,no_current_flag,0,0.556
7489318255744519466,https://www.tiktokv.com/share/video/7489318255744519466/,,,,2,Misuse-related evidence,,,,,not_run_for_this_video,,,,0,0,,,,,no_current_flag,0,0.556
7489396493871353106,,,,,0,No clear misuse evidence,,,,,not_run_for_this_video,,,,0,0,,,,,no_current_flag,0,0.556
7489451293908438315,,,,,0,No clear misuse evidence,,,,,not_run_for_this_video,,,,0,0,,,,,no_current_flag,0,0.556
7489625721548098847,https://www.tiktokv.com/share/video/7489625721548098847/,Cannabis (THC),weed,0.82,2,Misuse-related evidence,,,,,not_run_for_this_video,,,,8,0,,,,,needs_human_validation,10,0.778
7489704353947847967,https://www.tiktokv.com/share/video/7489704353947847967/,Cocaine,coke,0.82,2,Misuse-related evidence,,,,,not_run_for_this_video,,,,5,0,,,,,needs_human_validation,6,0.778
7489842158644530454,,,,,0,No clear misuse evidence,,,,,not_run_for_this_video,,,,0,0,,,,,no_current_flag,0,0.556
7489850554257181998,,Methamphetamine,Methamphetamine,0.88,0,No clear misuse evidence,,,,,not_run_for_this_video,,,,5,0,,,,,needs_human_validation,4,0.778
7490033630991928607,https://www.tiktokv.com/share/video/7490033630991928607/,,,,2,Misuse-related evidence,,,,,not_run_for_this_video,,,,0,0,,,,,no_current_flag,0,0.556
7490665432693755179,https://www.tiktokv.com/share/video/7490665432693755179/,Cannabis (THC),pot,0.62,2,Misuse-related evidence,,,,,not_run_for_this_video,,,,3,0,,,,,needs_human_validation,4,0.778
7490690457727503647,https://www.tiktokv.com/share/video/7490690457727503647/,Cannabis (THC),Marijuana,0.88,2,Misuse-related evidence,,,,,not_run_for_this_video,,,,3,0,,,,,needs_human_validation,2,0.778
7490738497612041515,https://www.tiktokv.com/share/video/7490738497612041515/,Fentanyl,fenty,0.82,2,Misuse-related evidence,,,,,not_run_for_this_video,,,,5,0,,,,,needs_human_validation,6,0.778
7490877361487940886,,,,,0,No clear misuse evidence,,,,,not_run_for_this_video,,,,0,0,,,,,no_current_flag,0,0.556
7490986144734383406,,,,,0,No clear misuse evidence,,,,,not_run_for_this_video,,,,0,0,,,,,no_current_flag,0,0.556
7490997768534641950,,Psilocin,Magic Mushrooms,0.88,0,No clear misuse evidence,,,,,not_run_for_this_video,,,,10,0,,,,,needs_human_validation,8,0.778
7490999469341740319,,,,,0,No clear misuse evidence,,,,,not_run_for_this_video,,,,0,0,,,,,no_current_flag,0,0.556
7491002437310893343,,,,,0,No clear misuse evidence,,,,,not_run_for_this_video,,,,0,0,,,,,no_current_flag,0,0.556
7491051960548822318,https://www.tiktokv.com/share/video/7491051960548822318/,,,,2,Misuse-related evidence,,,,,not_run_for_this_video,,,,0,0,,,,,no_current_flag,0,0.556
7491081785984568618,https://www.tiktokv.com/share/video/7491081785984568618/,,,,2,Misuse-related evidence,,,,,not_run_for_this_video,,,,0,0,,,,,no_current_flag,0,0.556
7491313792714820906,https://www.tiktokv.com/share/video/7491313792714820906/,,,,2,Misuse-related evidence,,,,,not_run_for_this_video,,,,0,0,,,,,no_current_flag,0,0.556
7491525700256599342,https://www.tiktokv.com/share/video/7491525700256599342/,,,,2,Misuse-related evidence,,,,,not_run_for_this_video,,,,0,0,,,,,no_current_flag,0,0.556
7491793878538947886,,MDMA (Ecstasy),ecstasy,0.82,0,No clear misuse evidence,,,,,not_run_for_this_video,,,,3,0,,,,,needs_human_validation,4,0.778
7491828992568233246,https://www.tiktokv.com/share/video/7491828992568233246/,,,,2,Misuse-related evidence,,,,,not_run_for_this_video,,,,0,0,,,,,no_current_flag,0,0.556
7492064085669023022,https://www.tiktokv.com/share/video/7492064085669023022/,,,,2,Misuse-related evidence,,,,,not_run_for_this_video,,,,0,0,,,,,no_current_flag,0,0.556
7492089903518469422,https://www.tiktokv.com/share/video/7492089903518469422/,,,,2,Misuse-related evidence,,,,,not_run_for_this_video,,,,0,0,,,,,no_current_flag,0,0.556
7492105842083302698,https://www.tiktokv.com/share/video/7492105842083302698/,Cannabis (THC),za,0.82,2,Misuse-related evidence,,,,,not_run_for_this_video,,,,3,0,,,,,needs_human_validation,4,0.778
7492147570265902379,https://www.tiktokv.com/share/video/7492147570265902379/,Cannabis (THC),za,0.82,2,Misuse-related evidence,,,,,not_run_for_this_video,,,,3,0,,,,,needs_human_validation,4,0.778
7492162915332558126,https://www.tiktokv.com/share/video/7492162915332558126/,,,,2,Misuse-related evidence,,,,,not_run_for_this_video,,,,0,0,,,,,no_current_flag,0,0.556
7492792269645434134,,,,,0,No clear misuse evidence,,,,,not_run_for_this_video,,,,0,0,,,,,no_current_flag,0,0.556
7492987479646096671,https://www.tiktokv.com/share/video/7492987479646096671/,,,,3,High-risk / explicit review,,,,,not_run_for_this_video,,,,0,0,,,,,no_current_flag,0,0.556
7493234586214829342,https://www.tiktokv.com/share/video/7493234586214829342/,,,,2,Misuse-related evidence,,,,,not_run_for_this_video,,,,0,0,,,,,no_current_flag,0,0.556
7493268816261106975,https://www.tiktokv.com/share/video/7493268816261106975/,Psilocybin Mushrooms,shroom,0.82,2,Misuse-related evidence,,,,,not_run_for_this_video,,,,8,0,,,,,needs_human_validation,10,0.778
7493585095052299562,https://www.tiktokv.com/share/video/7493585095052299562/,,,,2,Misuse-related evidence,,,,,not_run_for_this_video,,,,0,0,,,,,no_current_flag,0,0.556
7493698985794948398,,,,,0,No clear misuse evidence,,,,,not_run_for_this_video,,,,0,0,,,,,no_current_flag,0,0.556
7493720831390928159,https://www.tiktokv.com/share/video/7493720831390928159/,,,,2,Misuse-related evidence,,,,,not_run_for_this_video,,,,0,0,,,,,no_current_flag,0,0.556
7494396940059200798,,,,,0,No clear misuse evidence,,,,,not_run_for_this_video,,,,0,0,,,,,no_current_flag,0,0.556
7494576687250722079,https://www.tiktokv.com/share/video/7494576687250722079/,rc,rc,0.46,2,Misuse-related evidence,,,,,not_run_for_this_video,,,,5,0,,,,,needs_human_validation,6,0.778
7494671916800757038,https://www.tiktokv.com/share/video/7494671916800757038/,MDMA (Ecstasy),e pill,0.82,2,Misuse-related evidence,,,,,not_run_for_this_video,,,,3,0,,,,,needs_human_validation,4,0.778
7494684489956887854,https://www.tiktokv.com/share/video/7494684489956887854/,,,,2,Misuse-related evidence,,,,,not_run_for_this_video,,,,0,0,,,,,no_current_flag,0,0.556
7495014180139945246,https://www.tiktokv.com/share/video/7495014180139945246/,,,,2,Misuse-related evidence,,,,,not_run_for_this_video,,,,0,0,,,,,no_current_flag,0,0.556
7495070256667413806,,,,,0,No clear misuse evidence,,,,,not_run_for_this_video,,,,0,0,,,,,no_current_flag,0,0.556
7495083542939012357,https://www.tiktokv.com/share/video/7495083542939012357/,Cannabis (THC),pot,0.62,2,Misuse-related evidence,,,,,not_run_for_this_video,,,,3,0,,,,,needs_human_validation,4,0.778
7495087037322710315,https://www.tiktokv.com/share/video/7495087037322710315/,Cannabis (THC),za,0.82,2,Misuse-related evidence,,,,,not_run_for_this_video,,,,3,0,,,,,needs_human_validation,4,0.778
7495174497046351150,,,,,1,Weak / ambiguous drug reference,,,,,not_run_for_this_video,,,,0,0,,,,,no_current_flag,0,0.556
7495431092418383150,https://www.tiktokv.com/share/video/7495431092418383150/,,,,2,Misuse-related evidence,,,,,not_run_for_this_video,,,,0,0,,,,,no_current_flag,0,0.556
7495451822082018602,https://www.tiktokv.com/share/video/7495451822082018602/,,,,2,Misuse-related evidence,,,,,not_run_for_this_video,,,,0,0,,,,,no_current_flag,0,0.556
7495452530382540078,https://www.tiktokv.com/share/video/7495452530382540078/,,,,2,Misuse-related evidence,,,,,not_run_for_this_video,,,,0,0,,,,,no_current_flag,0,0.556
7495491607815376174,https://www.tiktokv.com/share/video/7495491607815376174/,,,,2,Misuse-related evidence,,,,,not_run_for_this_video,,,,0,0,,,,,no_current_flag,0,0.556
7495515070634528031,https://www.tiktokv.com/share/video/7495515070634528031/,,,,2,Misuse-related evidence,,,,,not_run_for_this_video,,,,0,0,,,,,no_current_flag,0,0.556
7495550411152133407,https://www.tiktokv.com/share/video/7495550411152133407/,,,,2,Misuse-related evidence,,,,,not_run_for_this_video,,,,0,0,,,,,no_current_flag,0,0.556
7495599934624894238,https://www.tiktokv.com/share/video/7495599934624894238/,rc,rc,0.46,2,Misuse-related evidence,,,,,not_run_for_this_video,,,,5,0,,,,,needs_human_validation,6,0.778
7495826607681195294,https://www.tiktokv.com/share/video/7495826607681195294/,,,,2,Misuse-related evidence,,,,,not_run_for_this_video,,,,0,0,,,,,no_current_flag,0,0.556
7496017603694054699,https://www.tiktokv.com/share/video/7496017603694054699/,,,,2,Misuse-related evidence,,,,,not_run_for_this_video,,,,0,0,,,,,no_current_flag,0,0.556
7496159144760593686,https://www.tiktokv.com/share/video/7496159144760593686/,,,,2,Misuse-related evidence,,,,,not_run_for_this_video,,,,0,0,,,,,no_current_flag,0,0.556
7496210764131323179,https://www.tiktokv.com/share/video/7496210764131323179/,Cannabis (THC),za,0.82,2,Misuse-related evidence,,,,,not_run_for_this_video,,,,3,0,,,,,needs_human_validation,4,0.778
7496546569274101023,https://www.tiktokv.com/share/video/7496546569274101023/,Crack Cocaine,Smoke,0.62,2,Misuse-related evidence,,,,,not_run_for_this_video,,,,5,0,,,,,needs_human_validation,6,0.778
7496719083107355935,,,,,0,No clear misuse evidence,,,,,not_run_for_this_video,,,,0,0,,,,,no_current_flag,0,0.556
7496947544128343339,https://www.tiktokv.com/share/video/7496947544128343339/,rc,rc,0.46,2,Misuse-related evidence,,,,,not_run_for_this_video,,,,5,0,,,,,needs_human_validation,6,0.778
7497241670027693342,https://www.tiktokv.com/share/video/7497241670027693342/,,,,2,Misuse-related evidence,,,,,not_run_for_this_video,,,,0,0,,,,,no_current_flag,0,0.556
7497276419760835870,,,,,0,No clear misuse evidence,,,,,not_run_for_this_video,,,,0,0,,,,,no_current_flag,0,0.556
7497396283531889951,https://www.tiktokv.com/share/video/7497396283531889951/,Alprazolam (Xanax®),xan,0.82,2,Misuse-related evidence,,,,,not_run_for_this_video,,,,8,0,,,,,needs_human_validation,10,0.778
7497496374305361194,https://www.tiktokv.com/share/video/7497496374305361194/,,,,2,Misuse-related evidence,,,,,not_run_for_this_video,,,,0,0,,,,,no_current_flag,0,0.556
7497693765889510687,https://www.tiktokv.com/share/video/7497693765889510687/,Cocaine,Ice Cream,0.88,2,Misuse-related evidence,,,,,not_run_for_this_video,,,,15,0,,,,,needs_human_validation,16,0.778
7497727283231198510,,,,,0,No clear misuse evidence,,,,,not_run_for_this_video,,,,0,0,,,,,no_current_flag,0,0.556
7497787662347128070,https://www.tiktokv.com/share/video/7497787662347128070/,,,,2,Misuse-related evidence,,,,,not_run_for_this_video,,,,0,0,,,,,no_current_flag,0,0.556
7497853752926391559,,,,,0,No clear misuse evidence,,,,,not_run_for_this_video,,,,0,0,,,,,no_current_flag,0,0.556
7497985398266711327,https://www.tiktokv.com/share/video/7497985398266711327/,rc,rc,0.46,2,Misuse-related evidence,,,,,not_run_for_this_video,,,,5,0,,,,,needs_human_validation,6,0.778
7498065828114402603,,,,,0,No clear misuse evidence,,,,,not_run_for_this_video,,,,0,0,,,,,no_current_flag,0,0.556
7498111475983174958,https://www.tiktokv.com/share/video/7498111475983174958/,Cannabis (THC),za,0.82,2,Misuse-related evidence,,,,,not_run_for_this_video,,,,3,0,,,,,needs_human_validation,4,0.778
7498534775225978143,https://www.tiktokv.com/share/video/7498534775225978143/,,,,2,Misuse-related evidence,,,,,not_run_for_this_video,,,,0,0,,,,,no_current_flag,0,0.556
7498842853372595486,https://www.tiktokv.com/share/video/7498842853372595486/,,,,2,Misuse-related evidence,,,,,not_run_for_this_video,,,,0,0,,,,,no_current_flag,0,0.556
7498902450959584534,,LSD,LSD,0.88,2,Misuse-related evidence,,,,,not_run_for_this_video,,,,5,0,,,,,needs_human_validation,4,0.778
7499260785588227370,https://www.tiktokv.com/share/video/7499260785588227370/,rc,rc,0.46,2,Misuse-related evidence,,,,,not_run_for_this_video,,,,5,0,,,,,needs_human_validation,6,0.778
7499551932982545710,https://www.tiktokv.com/share/video/7499551932982545710/,,,,2,Misuse-related evidence,,,,,not_run_for_this_video,,,,0,0,,,,,no_current_flag,0,0.556
7499633377889324318,,,,,0,No clear misuse evidence,,,,,not_run_for_this_video,,,,0,0,,,,,no_current_flag,0,0.556
7499646944726240554,https://www.tiktokv.com/share/video/7499646944726240554/,Cannabis (THC),za,0.82,2,Misuse-related evidence,,,,,not_run_for_this_video,,,,3,0,,,,,needs_human_validation,4,0.778
7499690492347600170,https://www.tiktokv.com/share/video/7499690492347600170/,Cannabis (THC),za,0.82,2,Misuse-related evidence,,,,,not_run_for_this_video,,,,3,0,,,,,needs_human_validation,4,0.778
7499961789875047723,https://www.tiktokv.com/share/video/7499961789875047723/,,,,2,Misuse-related evidence,,,,,not_run_for_this_video,,,,0,0,,,,,no_current_flag,0,0.556
7499981278876323103,https://www.tiktokv.com/share/video/7499981278876323103/,,,,2,Misuse-related evidence,,,,,not_run_for_this_video,,,,0,0,,,,,no_current_flag,0,0.556
7500020125018475807,https://www.tiktokv.com/share/video/7500020125018475807/,Cannabis (THC),za,0.82,2,Misuse-related evidence,,,,,not_run_for_this_video,,,,3,0,,,,,needs_human_validation,4,0.778
7500249122478263583,,Marijuana\Cannabis,Blunt,0.62,0,No clear misuse evidence,,,,,not_run_for_this_video,,,,10,0,,,,,needs_human_validation,12,0.778
7500255716012346666,,,,,0,No clear misuse evidence,,,,,not_run_for_this_video,,,,0,0,,,,,no_current_flag,0,0.556
7500661923835301150,https://www.tiktokv.com/share/video/7500661923835301150/,Cannabis (THC),za,0.82,2,Misuse-related evidence,,,,,not_run_for_this_video,,,,3,0,,,,,needs_human_validation,4,0.778
7500742160585706782,,,,,0,No clear misuse evidence,,,,,not_run_for_this_video,,,,0,0,,,,,no_current_flag,0,0.556
7501085700255763743,,Codeine,lean,0.82,0,No clear misuse evidence,,,,,not_run_for_this_video,,,,5,0,,,,,needs_human_validation,6,0.778
7501158197932215582,,,,,0,No clear misuse evidence,,,,,not_run_for_this_video,,,,0,0,,,,,no_current_flag,0,0.556
7501237933106613522,https://www.tiktokv.com/share/video/7501237933106613522/,,,,2,Misuse-related evidence,,,,,not_run_for_this_video,,,,0,0,,,,,no_current_flag,0,0.556
7501396384776703278,https://www.tiktokv.com/share/video/7501396384776703278/,,,,2,Misuse-related evidence,,,,,not_run_for_this_video,,,,0,0,,,,,no_current_flag,0,0.556
7501551136109776159,https://www.tiktokv.com/share/video/7501551136109776159/,,,,2,Misuse-related evidence,,,,,not_run_for_this_video,,,,0,0,,,,,no_current_flag,0,0.556
7501841722733841710,https://www.tiktokv.com/share/video/7501841722733841710/,,,,2,Misuse-related evidence,,,,,not_run_for_this_video,,,,0,0,,,,,no_current_flag,0,0.556
7502114457275895071,https://www.tiktokv.com/share/video/7502114457275895071/,Cannabis (THC),za,0.82,2,Misuse-related evidence,,,,,not_run_for_this_video,,,,3,0,,,,,needs_human_validation,4,0.778
7502227367717342494,https://www.tiktokv.com/share/video/7502227367717342494/,Cannabis (THC),za,0.82,2,Misuse-related evidence,,,,,not_run_for_this_video,,,,3,0,,,,,needs_human_validation,4,0.778
7502234030994214186,https://www.tiktokv.com/share/video/7502234030994214186/,,,,2,Misuse-related evidence,,,,,not_run_for_this_video,,,,0,0,,,,,no_current_flag,0,0.556
7502236871573916971,https://www.tiktokv.com/share/video/7502236871573916971/,,,,2,Misuse-related evidence,,,,,not_run_for_this_video,,,,0,0,,,,,no_current_flag,0,0.556
7502278358609186079,https://www.tiktokv.com/share/video/7502278358609186079/,rc,rc,0.46,2,Misuse-related evidence,,,,,not_run_for_this_video,,,,5,0,,,,,needs_human_validation,6,0.778
7502279859104730399,https://www.tiktokv.com/share/video/7502279859104730399/,rc,rc,0.46,2,Misuse-related evidence,,,,,not_run_for_this_video,,,,5,0,,,,,needs_human_validation,6,0.778
7502474510784892166,,,,,0,No clear misuse evidence,,,,,not_run_for_this_video,,,,0,0,,,,,no_current_flag,0,0.556
7502539543124495647,https://www.tiktokv.com/share/video/7502539543124495647/,,,,2,Misuse-related evidence,,,,,not_run_for_this_video,,,,0,0,,,,,no_current_flag,0,0.556
7502577610497494303,https://www.tiktokv.com/share/video/7502577610497494303/,Marijuana Concentrates,cart,0.82,2,Misuse-related evidence,,,,,not_run_for_this_video,,,,5,0,,,,,needs_human_validation,6,0.778
7502582101502496046,https://www.tiktokv.com/share/video/7502582101502496046/,,,,2,Misuse-related evidence,,,,,not_run_for_this_video,,,,0,0,,,,,no_current_flag,0,0.556
7502714462059810094,https://www.tiktokv.com/share/video/7502714462059810094/,,,,2,Misuse-related evidence,,,,,not_run_for_this_video,,,,0,0,,,,,no_current_flag,0,0.556
7503004148497927455,https://www.tiktokv.com/share/video/7503004148497927455/,,,,2,Misuse-related evidence,,,,,not_run_for_this_video,,,,0,0,,,,,no_current_flag,0,0.556
7503244760648256798,https://www.tiktokv.com/share/video/7503244760648256798/,,,,2,Misuse-related evidence,,,,,not_run_for_this_video,,,,0,0,,,,,no_current_flag,0,0.556
7503342251007872302,https://www.tiktokv.com/share/video/7503342251007872302/,Marijuana Concentrates,cart,0.82,2,Misuse-related evidence,,,,,not_run_for_this_video,,,,5,0,,,,,needs_human_validation,6,0.778
7503354509922684206,https://www.tiktokv.com/share/video/7503354509922684206/,,,,2,Misuse-related evidence,,,,,not_run_for_this_video,,,,0,0,,,,,no_current_flag,0,0.556
7503408275250023710,https://www.tiktokv.com/share/video/7503408275250023710/,,,,2,Misuse-related evidence,,,,,not_run_for_this_video,,,,0,0,,,,,no_current_flag,0,0.556
7503529327393377567,https://www.tiktokv.com/share/video/7503529327393377567/,Ketamine,ket,0.82,2,Misuse-related evidence,,,,,not_run_for_this_video,,,,5,0,,,,,needs_human_validation,6,0.778
7503591566850706730,https://www.tiktokv.com/share/video/7503591566850706730/,,,,2,Misuse-related evidence,,,,,not_run_for_this_video,,,,0,0,,,,,no_current_flag,0,0.556
7503980667659849006,https://www.tiktokv.com/share/video/7503980667659849006/,,,,2,Misuse-related evidence,,,,,not_run_for_this_video,,,,0,0,,,,,no_current_flag,0,0.556
7504000344662363422,https://www.tiktokv.com/share/video/7504000344662363422/,rc,rc,0.46,2,Misuse-related evidence,,,,,not_run_for_this_video,,,,5,0,,,,,needs_human_validation,6,0.778
7504007751522192683,,,,,2,Misuse-related evidence,,,,,not_run_for_this_video,,,,0,0,,,,,no_current_flag,0,0.556
7504008702995844383,https://www.tiktokv.com/share/video/7504008702995844383/,Marijuana Concentrates,cart,0.82,2,Misuse-related evidence,,,,,not_run_for_this_video,,,,10,0,,,,,needs_human_validation,12,0.778
7504104449791577345,,,,,0,No clear misuse evidence,,,,,not_run_for_this_video,,,,0,0,,,,,no_current_flag,0,0.556
7504121378526874922,https://www.tiktokv.com/share/video/7504121378526874922/,,,,2,Misuse-related evidence,,,,,not_run_for_this_video,,,,0,0,,,,,no_current_flag,0,0.556
7504156564211780894,https://www.tiktokv.com/share/video/7504156564211780894/,,,,2,Misuse-related evidence,,,,,not_run_for_this_video,,,,0,0,,,,,no_current_flag,0,0.556
7504349200566471982,https://www.tiktokv.com/share/video/7504349200566471982/,,,,2,Misuse-related evidence,,,,,not_run_for_this_video,,,,0,0,,,,,no_current_flag,0,0.556
7504376750344817950,https://www.tiktokv.com/share/video/7504376750344817950/,,,,2,Misuse-related evidence,,,,,not_run_for_this_video,,,,0,0,,,,,no_current_flag,0,0.556
7504668851318066454,https://www.tiktokv.com/share/video/7504668851318066454/,,,,2,Misuse-related evidence,,,,,not_run_for_this_video,,,,0,0,,,,,no_current_flag,0,0.556
7504734363133971758,,,,,0,No clear misuse evidence,,,,,not_run_for_this_video,,,,0,0,,,,,no_current_flag,0,0.556
7504769685691387158,,,,,0,No clear misuse evidence,,,,,not_run_for_this_video,,,,0,0,,,,,no_current_flag,0,0.556
7504779895726198047,https://www.tiktokv.com/share/video/7504779895726198047/,Cannabis (THC),Marijuana,0.88,2,Misuse-related evidence,,,,,not_run_for_this_video,,,,8,0,,,,,needs_human_validation,8,0.778
7504804063242980638,,,,,0,No clear misuse evidence,,,,,not_run_for_this_video,,,,0,0,,,,,no_current_flag,0,0.556
7504808711488081183,https://www.tiktokv.com/share/video/7504808711488081183/,,,,2,Misuse-related evidence,,,,,not_run_for_this_video,,,,0,0,,,,,no_current_flag,0,0.556
7504949378025557290,https://www.tiktokv.com/share/video/7504949378025557290/,,,,3,High-risk / explicit review,,,,,not_run_for_this_video,,,,0,0,,,,,no_current_flag,0,0.556
7504984168598768901,,,,,0,No clear misuse evidence,,,,,not_run_for_this_video,,,,0,0,,,,,no_current_flag,0,0.556
7505079572317146411,,,,,0,No clear misuse evidence,,,,,not_run_for_this_video,,,,0,0,,,,,no_current_flag,0,0.556
7505112936654916894,https://www.tiktokv.com/share/video/7505112936654916894/,Marijuana Concentrates,cart,0.82,2,Misuse-related evidence,,,,,not_run_for_this_video,,,,5,0,,,,,needs_human_validation,6,0.778
7505166046081387822,https://www.tiktokv.com/share/video/7505166046081387822/,,,,2,Misuse-related evidence,,,,,not_run_for_this_video,,,,0,0,,,,,no_current_flag,0,0.556
7505169535230627103,https://www.tiktokv.com/share/video/7505169535230627103/,Heroin,Tar,0.62,2,Misuse-related evidence,,,,,not_run_for_this_video,,,,5,0,,,,,needs_human_validation,6,0.778
7505435126709423391,https://www.tiktokv.com/share/video/7505435126709423391/,rc,rc,0.46,2,Misuse-related evidence,,,,,not_run_for_this_video,,,,5,0,,,,,needs_human_validation,6,0.778
7505438307367570730,,,,,0,No clear misuse evidence,,,,,not_run_for_this_video,,,,0,0,,,,,no_current_flag,0,0.556
7505837951230676255,https://www.tiktokv.com/share/video/7505837951230676255/,Cannabis (THC),za,0.82,2,Misuse-related evidence,,,,,not_run_for_this_video,,,,3,0,,,,,needs_human_validation,4,0.778
7505908308381863211,https://www.tiktokv.com/share/video/7505908308381863211/,,,,2,Misuse-related evidence,,,,,not_run_for_this_video,,,,0,0,,,,,no_current_flag,0,0.556
7505976207599619370,https://www.tiktokv.com/share/video/7505976207599619370/,,,,2,Misuse-related evidence,,,,,not_run_for_this_video,,,,0,0,,,,,no_current_flag,0,0.556
7506212137170210094,https://www.tiktokv.com/share/video/7506212137170210094/,,,,2,Misuse-related evidence,,,,,not_run_for_this_video,,,,0,0,,,,,no_current_flag,0,0.556
7506279745550667039,https://www.tiktokv.com/share/video/7506279745550667039/,,,,2,Misuse-related evidence,,,,,not_run_for_this_video,,,,0,0,,,,,no_current_flag,0,0.556
7506317705499168046,https://www.tiktokv.com/share/video/7506317705499168046/,,,,2,Misuse-related evidence,,,,,not_run_for_this_video,,,,0,0,,,,,no_current_flag,0,0.556
7506473217582730501,,,,,0,No clear misuse evidence,,,,,not_run_for_this_video,,,,0,0,,,,,no_current_flag,0,0.556
7506529421667372310,https://www.tiktokv.com/share/video/7506529421667372310/,,,,2,Misuse-related evidence,,,,,not_run_for_this_video,,,,0,0,,,,,no_current_flag,0,0.556
7506622840137911583,https://www.tiktokv.com/share/video/7506622840137911583/,,,,2,Misuse-related evidence,,,,,not_run_for_this_video,,,,0,0,,,,,no_current_flag,0,0.556
7506646258883267871,https://www.tiktokv.com/share/video/7506646258883267871/,,,,2,Misuse-related evidence,,,,,not_run_for_this_video,,,,0,0,,,,,no_current_flag,0,0.556
7506666099539217694,https://www.tiktokv.com/share/video/7506666099539217694/,,,,2,Misuse-related evidence,,,,,not_run_for_this_video,,,,0,0,,,,,no_current_flag,0,0.556
7506677735926828318,https://www.tiktokv.com/share/video/7506677735926828318/,,,,2,Misuse-related evidence,,,,,not_run_for_this_video,,,,0,0,,,,,no_current_flag,0,0.556
7506698036848954655,https://www.tiktokv.com/share/video/7506698036848954655/,,,,2,Misuse-related evidence,,,,,not_run_for_this_video,,,,0,0,,,,,no_current_flag,0,0.556
7506782007087680798,https://www.tiktokv.com/share/video/7506782007087680798/,,,,2,Misuse-related evidence,,,,,not_run_for_this_video,,,,0,0,,,,,no_current_flag,0,0.556
7506825563693272338,,,,,0,No clear misuse evidence,,,,,not_run_for_this_video,,,,0,0,,,,,no_current_flag,0,0.556
7507069269444660511,https://www.tiktokv.com/share/video/7507069269444660511/,Cannabis (THC),weed,0.82,2,Misuse-related evidence,,,,,not_run_for_this_video,,,,3,0,,,,,needs_human_validation,4,0.778
7507137214166420766,https://www.tiktokv.com/share/video/7507137214166420766/,,,,2,Misuse-related evidence,,,,,not_run_for_this_video,,,,0,0,,,,,no_current_flag,0,0.556
7507316210292477230,https://www.tiktokv.com/share/video/7507316210292477230/,,,,2,Misuse-related evidence,,,,,not_run_for_this_video,,,,0,0,,,,,no_current_flag,0,0.556
7507320795664846102,,,,,0,No clear misuse evidence,,,,,not_run_for_this_video,,,,0,0,,,,,no_current_flag,0,0.556
7507638866191453483,https://www.tiktokv.com/share/video/7507638866191453483/,,,,2,Misuse-related evidence,,,,,not_run_for_this_video,,,,0,0,,,,,no_current_flag,0,0.556
7507713363598675231,https://www.tiktokv.com/share/video/7507713363598675231/,Psilocybin Mushrooms,shroom,0.82,2,Misuse-related evidence,,,,,not_run_for_this_video,,,,8,3,source: manual_behavior_annotation; file_name: 7507713363598675231.mp4; description: This post contains vocalizations of a person under the influence. The subject appears to be in…,,,,needs_human_validation,6,1.0
7507754682882723118,,,,,0,No clear misuse evidence,,,,,not_run_for_this_video,,,,0,0,,,,,no_current_flag,0,0.556
7507760987521420575,https://www.tiktokv.com/share/video/7507760987521420575/,,,,2,Misuse-related evidence,,,,,not_run_for_this_video,,,,0,0,,,,,no_current_flag,0,0.556
7507821878736702750,https://www.tiktokv.com/share/video/7507821878736702750/,,,,2,Misuse-related evidence,,,,,not_run_for_this_video,,,,0,0,,,,,no_current_flag,0,0.556
7507857480345586974,https://www.tiktokv.com/share/video/7507857480345586974/,rc,rc,0.46,2,Misuse-related evidence,,,,,not_run_for_this_video,,,,5,0,,,,,needs_human_validation,6,0.778
7508079724720114974,https://www.tiktokv.com/share/video/7508079724720114974/,,,,2,Misuse-related evidence,,,,,not_run_for_this_video,,,,0,0,,,,,no_current_flag,0,0.556
7508171476755959082,https://www.tiktokv.com/share/video/7508171476755959082/,Cannabis (THC),weed,0.82,2,Misuse-related evidence,,,,,not_run_for_this_video,,,,6,0,,,,,needs_human_validation,8,0.778
7508194018979876127,https://www.tiktokv.com/share/video/7508194018979876127/,,,,2,Misuse-related evidence,,,,,not_run_for_this_video,,,,0,0,,,,,no_current_flag,0,0.556
7508351847543999767,,,,,0,No clear misuse evidence,,,,,not_run_for_this_video,,,,0,0,,,,,no_current_flag,0,0.556
7508354489888361758,,,,,0,No clear misuse evidence,,,,,not_run_for_this_video,,,,0,0,,,,,no_current_flag,0,0.556
7508394113776110879,https://www.tiktokv.com/share/video/7508394113776110879/,,,,2,Misuse-related evidence,,,,,not_run_for_this_video,,,,0,0,,,,,no_current_flag,0,0.556
7508401261310512415,https://www.tiktokv.com/share/video/7508401261310512415/,rc,rc,0.46,2,Misuse-related evidence,,,,,not_run_for_this_video,,,,5,0,,,,,needs_human_validation,6,0.778
7508496519163694358,https://www.tiktokv.com/share/video/7508496519163694358/,,,,2,Misuse-related evidence,,,,,not_run_for_this_video,,,,0,0,,,,,no_current_flag,0,0.556
7508501838447119647,https://www.tiktokv.com/share/video/7508501838447119647/,,,,2,Misuse-related evidence,,,,,not_run_for_this_video,,,,0,0,,,,,no_current_flag,0,0.556
7508502151757565230,,,,,0,No clear misuse evidence,,,,,not_run_for_this_video,,,,0,0,,,,,no_current_flag,0,0.556
7508543013694491950,https://www.tiktokv.com/share/video/7508543013694491950/,,,,2,Misuse-related evidence,,,,,not_run_for_this_video,,,,0,0,,,,,no_current_flag,0,0.556
7508676710762663210,https://www.tiktokv.com/share/video/7508676710762663210/,,,,2,Misuse-related evidence,,,,,not_run_for_this_video,,,,0,0,,,,,no_current_flag,0,0.556
7508874092653661470,https://www.tiktokv.com/share/video/7508874092653661470/,,,,2,Misuse-related evidence,,,,,not_run_for_this_video,,,,0,0,,,,,no_current_flag,0,0.556
7508946489507450155,https://www.tiktokv.com/share/video/7508946489507450155/,,,,2,Misuse-related evidence,,,,,not_run_for_this_video,,,,0,0,source: manual_behavior_annotation; file_name: 7508946489507450155.mp4; description: NA,,,,no_current_flag,0,0.667
7508978281073495327,,,,,0,No clear misuse evidence,,,,,not_run_for_this_video,,,,0,0,,,,,no_current_flag,0,0.556
7509179404828855582,https://www.tiktokv.com/share/video/7509179404828855582/,Cannabis (THC),za,0.82,2,Misuse-related evidence,,,,,not_run_for_this_video,,,,3,0,,,,,needs_human_validation,4,0.778
7509266593650658582,https://www.tiktokv.com/share/video/7509266593650658582/,Cannabis (THC),za,0.82,2,Misuse-related evidence,,,,,not_run_for_this_video,,,,3,0,,,,,needs_human_validation,4,0.778
7509269193808727327,,,,,0,No clear misuse evidence,,,,,not_run_for_this_video,,,,0,0,,,,,no_current_flag,0,0.556
7509286521204133150,https://www.tiktokv.com/share/video/7509286521204133150/,Psilocybin Mushrooms,shroom,0.82,2,Misuse-related evidence,,,,,not_run_for_this_video,,,,5,0,,,,,needs_human_validation,6,0.778
7509306421079592222,https://www.tiktokv.com/share/video/7509306421079592222/,,,,3,High-risk / explicit review,,,,,not_run_for_this_video,,,,0,0,,,,,no_current_flag,0,0.556
7509345557555531039,https://www.tiktokv.com/share/video/7509345557555531039/,,,,2,Misuse-related evidence,,,,,not_run_for_this_video,,,,0,0,,,,,no_current_flag,0,0.556
7509496493439552810,,,,,0,No clear misuse evidence,,,,,not_run_for_this_video,,,,0,0,,,,,no_current_flag,0,0.556
7509497926381587743,https://www.tiktokv.com/share/video/7509497926381587743/,,,,2,Misuse-related evidence,,,,,not_run_for_this_video,,,,0,0,,,,,no_current_flag,0,0.556
7509540446415244587,https://www.tiktokv.com/share/video/7509540446415244587/,,,,2,Misuse-related evidence,,,,,not_run_for_this_video,,,,0,0,,,,,no_current_flag,0,0.556
7509551118297533742,https://www.tiktokv.com/share/video/7509551118297533742/,,,,2,Misuse-related evidence,,,,,not_run_for_this_video,,,,0,0,,,,,no_current_flag,0,0.556
7509564596697582891,https://www.tiktokv.com/share/video/7509564596697582891/,,,,2,Misuse-related evidence,,,,,not_run_for_this_video,,,,0,0,,,,,no_current_flag,0,0.556
7509627583567236382,https://www.tiktokv.com/share/video/7509627583567236382/,,,,2,Misuse-related evidence,,,,,not_run_for_this_video,,,,0,0,,,,,no_current_flag,0,0.556
7509730667136306478,https://www.tiktokv.com/share/video/7509730667136306478/,,,,2,Misuse-related evidence,,,,,not_run_for_this_video,,,,0,0,,,,,no_current_flag,0,0.556
7509841911394340102,,,,,0,No clear misuse evidence,,,,,not_run_for_this_video,,,,0,0,,,,,no_current_flag,0,0.556
7509866471695306030,https://www.tiktokv.com/share/video/7509866471695306030/,,,,2,Misuse-related evidence,,,,,not_run_for_this_video,,,,0,0,,,,,no_current_flag,0,0.556
7509911459585953055,https://www.tiktokv.com/share/video/7509911459585953055/,Crack Cocaine,Hard,0.62,2,Misuse-related evidence,,,,,not_run_for_this_video,,,,5,0,,,,,needs_human_validation,6,0.778
7509975496726252831,https://www.tiktokv.com/share/video/7509975496726252831/,Marijuana Concentrates,cart,0.82,2,Misuse-related evidence,,,,,not_run_for_this_video,,,,5,0,,,,,needs_human_validation,6,0.778
7510006451088280878,,Cannabis (THC),mary jane,0.82,1,Weak / ambiguous drug reference,,,,,not_run_for_this_video,,,,3,0,,,,,needs_human_validation,4,0.778
7510159349394705707,https://www.tiktokv.com/share/video/7510159349394705707/,,,,2,Misuse-related evidence,,,,,not_run_for_this_video,,,,0,0,,,,,no_current_flag,0,0.556
7510166261985283359,https://www.tiktokv.com/share/video/7510166261985283359/,rc,rc,0.46,2,Misuse-related evidence,,,,,not_run_for_this_video,,,,5,0,,,,,needs_human_validation,6,0.778
7510254151184452894,https://www.tiktokv.com/share/video/7510254151184452894/,,,,2,Misuse-related evidence,,,,,not_run_for_this_video,,,,0,0,,,,,no_current_flag,0,0.556
7510258573125963054,https://www.tiktokv.com/share/video/7510258573125963054/,,,,2,Misuse-related evidence,,,,,not_run_for_this_video,,,,0,0,,,,,no_current_flag,0,0.556
7510277954987986218,,,,,0,No clear misuse evidence,,,,,not_run_for_this_video,,,,0,0,,,,,no_current_flag,0,0.556
7510281158480088342,https://www.tiktokv.com/share/video/7510281158480088342/,,,,2,Misuse-related evidence,,,,,not_run_for_this_video,,,,0,0,,,,,no_current_flag,0,0.556
7510348273790569771,,,,,0,No clear misuse evidence,,,,,not_run_for_this_video,,,,0,0,,,,,no_current_flag,0,0.556
7510357786111315231,https://www.tiktokv.com/share/video/7510357786111315231/,,,,2,Misuse-related evidence,,,,,not_run_for_this_video,,,,0,0,,,,,no_current_flag,0,0.556
7510358459557236011,https://www.tiktokv.com/share/video/7510358459557236011/,,,,2,Misuse-related evidence,,,,,not_run_for_this_video,,,,0,0,,,,,no_current_flag,0,0.556
7510366962741038379,https://www.tiktokv.com/share/video/7510366962741038379/,rc,rc,0.46,2,Misuse-related evidence,,,,,not_run_for_this_video,,,,5,0,,,,,needs_human_validation,6,0.778
7510407458561576235,https://www.tiktokv.com/share/video/7510407458561576235/,,,,2,Misuse-related evidence,,,,,not_run_for_this_video,,,,0,0,,,,,no_current_flag,0,0.556
7510440603579174186,https://www.tiktokv.com/share/video/7510440603579174186/,,,,2,Misuse-related evidence,,,,,not_run_for_this_video,,,,0,0,,,,,no_current_flag,0,0.556
7510449506815642911,https://www.tiktokv.com/share/video/7510449506815642911/,,,,2,Misuse-related evidence,,,,,not_run_for_this_video,,,,0,0,,,,,no_current_flag,0,0.556
7510476787416075562,https://www.tiktokv.com/share/video/7510476787416075562/,,,,2,Misuse-related evidence,,,,,not_run_for_this_video,,,,0,0,,,,,no_current_flag,0,0.556
7510484489445887278,https://www.tiktokv.com/share/video/7510484489445887278/,,,,2,Misuse-related evidence,,,,,not_run_for_this_video,,,,0,0,,,,,no_current_flag,0,0.556
7510605305294687519,https://www.tiktokv.com/share/video/7510605305294687519/,,,,2,Misuse-related evidence,,,,,not_run_for_this_video,,,,0,0,,,,,no_current_flag,0,0.556
7510674845349235999,https://www.tiktokv.com/share/video/7510674845349235999/,,,,2,Misuse-related evidence,,,,,not_run_for_this_video,,,,0,0,,,,,no_current_flag,0,0.556
7510719568629779743,https://www.tiktokv.com/share/video/7510719568629779743/,,,,2,Misuse-related evidence,,,,,not_run_for_this_video,,,,0,0,,,,,no_current_flag,0,0.556
7510939554493238559,https://www.tiktokv.com/share/video/7510939554493238559/,,,,2,Misuse-related evidence,,,,,not_run_for_this_video,,,,0,0,,,,,no_current_flag,0,0.556
7511002148117679391,https://www.tiktokv.com/share/video/7511002148117679391/,,,,2,Misuse-related evidence,,,,,not_run_for_this_video,,,,0,0,,,,,no_current_flag,0,0.556
7511012026647448875,https://www.tiktokv.com/share/video/7511012026647448875/,Cannabis (THC),za,0.82,2,Misuse-related evidence,,,,,not_run_for_this_video,,,,3,0,,,,,needs_human_validation,4,0.778
7511022388646022431,https://www.tiktokv.com/share/video/7511022388646022431/,Fentanyl and Derivatives (e.g.; meta‑Fluorofentanyl; Acryloylfentanyl),Crazy,0.62,2,Misuse-related evidence,,,,,not_run_for_this_video,,,,5,0,,,,,needs_human_validation,6,0.778
7511035555338030367,https://www.tiktokv.com/share/video/7511035555338030367/,,,,2,Misuse-related evidence,,,,,not_run_for_this_video,,,,0,0,,,,,no_current_flag,0,0.556
7511044007472975135,https://www.tiktokv.com/share/video/7511044007472975135/,,,,2,Misuse-related evidence,,,,,not_run_for_this_video,,,,0,0,,,,,no_current_flag,0,0.556
7511111561189018926,https://www.tiktokv.com/share/video/7511111561189018926/,,,,2,Misuse-related evidence,,,,,not_run_for_this_video,,,,0,0,,,,,no_current_flag,0,0.556
7511184141786942763,https://www.tiktokv.com/share/video/7511184141786942763/,,,,2,Misuse-related evidence,,,,,not_run_for_this_video,,,,0,0,,,,,no_current_flag,0,0.556
7511212180721650975,https://www.tiktokv.com/share/video/7511212180721650975/,,,,2,Misuse-related evidence,,,,,not_run_for_this_video,,,,0,0,,,,,no_current_flag,0,0.556
7511340049775021368,,Cocaine,coke,0.82,0,No clear misuse evidence,,,,,not_run_for_this_video,,,,5,0,,,,,needs_human_validation,6,0.778
7511366057437695274,,,,,0,No clear misuse evidence,,,,,not_run_for_this_video,,,,0,0,,,,,no_current_flag,0,0.556
7511386059171695903,https://www.tiktokv.com/share/video/7511386059171695903/,,,,2,Misuse-related evidence,,,,,not_run_for_this_video,,,,0,0,,,,,no_current_flag,0,0.556
7511434068618235182,https://www.tiktokv.com/share/video/7511434068618235182/,,,,2,Misuse-related evidence,,,,,not_run_for_this_video,,,,0,0,,,,,no_current_flag,0,0.556
7511459700160957738,https://www.tiktokv.com/share/video/7511459700160957738/,Cannabis (THC),za,0.82,2,Misuse-related evidence,,,,,not_run_for_this_video,,,,3,0,,,,,needs_human_validation,4,0.778
7511480014005669163,https://www.tiktokv.com/share/video/7511480014005669163/,Marijuana\Cannabis,Joint,0.62,2,Misuse-related evidence,,,,,not_run_for_this_video,,,,5,0,,,,,needs_human_validation,6,0.778
7511615302296276270,,,,,0,No clear misuse evidence,,,,,not_run_for_this_video,,,,0,0,,,,,no_current_flag,0,0.556
7511651032158473494,https://www.tiktokv.com/share/video/7511651032158473494/,,,,2,Misuse-related evidence,,,,,not_run_for_this_video,,,,3,2,source: manual_behavior_annotation; file_name: 7511651032158473494.mp4; description: This post contains the conversation between an individual under the influence and a hallucinat…,,,,no_current_flag,0,0.889
7511671208241335574,,GHB,Grievous Bodily Harm,0.88,0,No clear misuse evidence,,,,,not_run_for_this_video,,,,5,0,,,,,needs_human_validation,4,0.778
7511743072187813166,https://www.tiktokv.com/share/video/7511743072187813166/,rc,rc,0.46,2,Misuse-related evidence,,,,,not_run_for_this_video,,,,5,0,,,,,needs_human_validation,6,0.778
7511754314700901663,https://www.tiktokv.com/share/video/7511754314700901663/,,,,2,Misuse-related evidence,,,,,not_run_for_this_video,,,,0,0,,,,,no_current_flag,0,0.556
7511770827906354438,,,,,0,No clear misuse evidence,,,,,not_run_for_this_video,,,,0,0,,,,,no_current_flag,0,0.556
7511798416268152110,,,,,0,No clear misuse evidence,,,,,not_run_for_this_video,,,,0,0,,,,,no_current_flag,0,0.556
7511821898653928750,https://www.tiktokv.com/share/video/7511821898653928750/,,,,2,Misuse-related evidence,,,,,not_run_for_this_video,,,,0,0,,,,,no_current_flag,0,0.556
7511881608182369566,https://www.tiktokv.com/share/video/7511881608182369566/,Marijuana Concentrates,Live Resin,0.88,2,Misuse-related evidence,,,,,not_run_for_this_video,,,,33,0,,,,,needs_human_validation,36,0.778
7511938407459753246,https://www.tiktokv.com/share/video/7511938407459753246/,,,,2,Misuse-related evidence,,,,,not_run_for_this_video,,,,0,0,,,,,no_current_flag,0,0.556
7511947033511595294,https://www.tiktokv.com/share/video/7511947033511595294/,,,,2,Misuse-related evidence,,,,,not_run_for_this_video,,,,0,0,,,,,no_current_flag,0,0.556
7511953776073444654,https://www.tiktokv.com/share/video/7511953776073444654/,Marijuana Concentrates,cart,0.82,2,Misuse-related evidence,,,,,not_run_for_this_video,,,,18,0,,,,,needs_human_validation,20,0.778
7512256834271563051,https://www.tiktokv.com/share/video/7512256834271563051/,,,,2,Misuse-related evidence,,,,,not_run_for_this_video,,,,0,0,,,,,no_current_flag,0,0.556
7512401973719665942,https://www.tiktokv.com/share/video/7512401973719665942/,,,,2,Misuse-related evidence,,,,,not_run_for_this_video,,,,0,0,,,,,no_current_flag,0,0.556
7512485080426745110,https://www.tiktokv.com/share/video/7512485080426745110/,Cannabis (THC),za,0.82,2,Misuse-related evidence,,,,,not_run_for_this_video,,,,3,0,,,,,needs_human_validation,4,0.778
7512487865532583190,https://www.tiktokv.com/share/video/7512487865532583190/,,,,2,Misuse-related evidence,,,,,not_run_for_this_video,,,,0,0,,,,,no_current_flag,0,0.556
7512552029718613270,,,,,0,No clear misuse evidence,,,,,not_run_for_this_video,,,,0,0,,,,,no_current_flag,0,0.556
7512566721073581358,https://www.tiktokv.com/share/video/7512566721073581358/,Marijuana Concentrates,cart,0.82,2,Misuse-related evidence,,,,,not_run_for_this_video,,,,15,0,,,,,needs_human_validation,18,0.778
7512725942725365023,https://www.tiktokv.com/share/video/7512725942725365023/,Cannabis (THC),za,0.82,2,Misuse-related evidence,,,,,not_run_for_this_video,,,,9,5,source: manual_behavior_annotation; file_name: 7512725942725365023.mp4 ; description: This post contains themes of overindulgence in a drug. The subject of this video is experienc…,,,,needs_human_validation,4,1.0
7512953816036166955,https://www.tiktokv.com/share/video/7512953816036166955/,Marijuana Concentrates,dab pen,0.82,2,Misuse-related evidence,,,,,not_run_for_this_video,,,,10,0,,,,,needs_human_validation,12,0.778
7513263536236252447,,Cannabis (THC),Marijuana,0.88,0,No clear misuse evidence,,,,,not_run_for_this_video,,,,3,0,,,,,needs_human_validation,2,0.778
7513614571312041262,,,,,0,No clear misuse evidence,,,,,not_run_for_this_video,,,,0,0,,,,,no_current_flag,0,0.556
7514384829417262367,,,,,0,No clear misuse evidence,,,,,not_run_for_this_video,,,,0,0,,,,,no_current_flag,0,0.556
7514828176774663467,,,,,0,No clear misuse evidence,,,,,not_run_for_this_video,,,,0,0,,,,,no_current_flag,0,0.556
7515617039113915678,,,,,0,No clear misuse evidence,,,,,not_run_for_this_video,,,,0,0,,,,,no_current_flag,0,0.556
7515811342138264878,,,,,0,No clear misuse evidence,,,,,not_run_for_this_video,,,,0,0,,,,,no_current_flag,0,0.556
7515814590282861846,,MDMA (Ecstasy),MDMA,0.88,0,No clear misuse evidence,,,,,not_run_for_this_video,,,,3,0,,,,,needs_human_validation,2,0.778
7515884480431656235,,Gabapentin,Gabapentin,0.88,0,No clear misuse evidence,,,,,not_run_for_this_video,,,,5,0,,,,,needs_human_validation,4,0.778
7516070899280252203,https://www.tiktokv.com/share/video/7516070899280252203/,rc,rc,0.46,2,Misuse-related evidence,,,,,not_run_for_this_video,,,,5,0,,,,,needs_human_validation,6,0.778
7516326002616716575,,,,,0,No clear misuse evidence,,,,,not_run_for_this_video,,,,0,0,,,,,no_current_flag,0,0.556
7516972975506148663,,,,,0,No clear misuse evidence,,,,,not_run_for_this_video,,,,0,0,,,,,no_current_flag,0,0.556
7516996194195737878,,,,,0,No clear misuse evidence,,,,,not_run_for_this_video,,,,0,0,,,,,no_current_flag,0,0.556
7517267958654160150,,,,,0,No clear misuse evidence,,,,,not_run_for_this_video,,,,0,0,,,,,no_current_flag,0,0.556
7518503468252859703,,,,,0,No clear misuse evidence,,,,,not_run_for_this_video,,,,0,0,,,,,no_current_flag,0,0.556
7519485777697393951,,,,,0,No clear misuse evidence,,,,,not_run_for_this_video,,,,0,0,,,,,no_current_flag,0,0.556
7520271765268958477,,,,,1,Weak / ambiguous drug reference,,,,,not_run_for_this_video,,,,0,0,,,,,no_current_flag,0,0.556
7520294334877420816,,,,,0,No clear misuse evidence,,,,,not_run_for_this_video,,,,0,0,,,,,no_current_flag,0,0.556
7520322983689260343,,,,,0,No clear misuse evidence,,,,,not_run_for_this_video,,,,0,0,,,,,no_current_flag,0,0.556
7520666481588260126,,,,,0,No clear misuse evidence,,,,,not_run_for_this_video,,,,0,0,,,,,no_current_flag,0,0.556
7521721365477510455,,,,,0,No clear misuse evidence,,,,,not_run_for_this_video,,,,0,0,,,,,no_current_flag,0,0.556
7521885631266458893,,,,,0,No clear misuse evidence,,,,,not_run_for_this_video,,,,0,0,,,,,no_current_flag,0,0.556
7522004602276007176,,,,,0,No clear misuse evidence,,,,,not_run_for_this_video,,,,0,0,,,,,no_current_flag,0,0.556
7522088828216118535,,,,,0,No clear misuse evidence,,,,,not_run_for_this_video,,,,0,0,,,,,no_current_flag,0,0.556
7522162729235287327,,,,,0,No clear misuse evidence,,,,,not_run_for_this_video,,,,0,0,,,,,no_current_flag,0,0.556
7522175132547304734,,,,,0,No clear misuse evidence,,,,,not_run_for_this_video,,,,0,0,,,,,no_current_flag,0,0.556
7522241419331865870,,Heroin,Poppy,0.62,0,No clear misuse evidence,,,,,not_run_for_this_video,,,,5,0,,,,,needs_human_validation,6,0.778
7522914900105170194,,,,,0,No clear misuse evidence,,,,,not_run_for_this_video,,,,0,0,,,,,no_current_flag,0,0.556
7523012311074819342,,Gabapentin,Gabapentin,0.88,0,No clear misuse evidence,,,,,not_run_for_this_video,,,,10,0,,,,,needs_human_validation,10,0.778
7523072959557291282,,,,,0,No clear misuse evidence,,,,,not_run_for_this_video,,,,0,0,,,,,no_current_flag,0,0.556
7523463752650411295,,,,,0,No clear misuse evidence,,,,,not_run_for_this_video,,,,0,0,,,,,no_current_flag,0,0.556
7524477981297839373,,Codeine,lean,0.82,0,No clear misuse evidence,,,,,not_run_for_this_video,,,,5,0,,,,,needs_human_validation,6,0.778
7524714664295550226,,,,,0,No clear misuse evidence,,,,,not_run_for_this_video,,,,0,0,,,,,no_current_flag,0,0.556
7524717540338126085,,,,,0,No clear misuse evidence,,,,,not_run_for_this_video,,,,0,0,,,,,no_current_flag,0,0.556
7524828164678339870,,,,,0,No clear misuse evidence,,,,,not_run_for_this_video,,,,0,0,,,,,no_current_flag,0,0.556
7524927621352688901,,,,,0,No clear misuse evidence,,,,,not_run_for_this_video,,,,0,0,,,,,no_current_flag,0,0.556
7525255531074735374,,,,,0,No clear misuse evidence,,,,,not_run_for_this_video,,,,0,0,,,,,no_current_flag,0,0.556
7525469511223430422,,,,,0,No clear misuse evidence,,,,,not_run_for_this_video,,,,0,0,,,,,no_current_flag,0,0.556
7525618723470953783,,,,,0,No clear misuse evidence,,,,,not_run_for_this_video,,,,0,0,,,,,no_current_flag,0,0.556
7525763303436602646,,,,,0,No clear misuse evidence,,,,,not_run_for_this_video,,,,0,0,,,,,no_current_flag,0,0.556
7525882576788000031,,Psilocin,Magic Mushrooms,0.88,1,Weak / ambiguous drug reference,,,,,not_run_for_this_video,,,,10,0,,,,,needs_human_validation,10,0.778
7525924219234897183,,,,,0,No clear misuse evidence,,,,,not_run_for_this_video,,,,0,0,,,,,no_current_flag,0,0.556
7526150660635528470,https://www.tiktokv.com/share/video/7526150660635528470/,,,,2,Misuse-related evidence,,,,,not_run_for_this_video,,,,0,0,,,,,no_current_flag,0,0.556
7526238610044013879,,,,,0,No clear misuse evidence,,,,,not_run_for_this_video,,,,0,0,,,,,no_current_flag,0,0.556
7526606672610053432,,,,,0,No clear misuse evidence,,,,,not_run_for_this_video,,,,0,0,,,,,no_current_flag,0,0.556
7527336253558197511,,,,,0,No clear misuse evidence,,,,,not_run_for_this_video,,,,0,0,,,,,no_current_flag,0,0.556
7528086239862361349,,,,,0,No clear misuse evidence,,,,,not_run_for_this_video,,,,0,0,,,,,no_current_flag,0,0.556
7528266668582227213,,,,,0,No clear misuse evidence,,,,,not_run_for_this_video,,,,0,0,,,,,no_current_flag,0,0.556
7528583342028246328,,,,,0,No clear misuse evidence,,,,,not_run_for_this_video,,,,0,0,,,,,no_current_flag,0,0.556
7528761226382331167,,,,,0,No clear misuse evidence,,,,,not_run_for_this_video,,,,0,0,,,,,no_current_flag,0,0.556
7528861961514126605,,,,,0,No clear misuse evidence,,,,,not_run_for_this_video,,,,0,0,,,,,no_current_flag,0,0.556
7528930324521340182,,,,,0,No clear misuse evidence,,,,,not_run_for_this_video,,,,0,0,,,,,no_current_flag,0,0.556
7529253463692283154,,,,,0,No clear misuse evidence,,,,,not_run_for_this_video,,,,0,0,,,,,no_current_flag,0,0.556
7529272175023476024,,,,,0,No clear misuse evidence,,,,,not_run_for_this_video,,,,0,0,,,,,no_current_flag,0,0.556
7529548235623451959,,,,,0,No clear misuse evidence,,,,,not_run_for_this_video,,,,0,0,,,,,no_current_flag,0,0.556
7529723155137531191,,,,,0,No clear misuse evidence,,,,,not_run_for_this_video,,,,0,0,,,,,no_current_flag,0,0.556
7530064679264193847,,Ketamine,Ketamine,0.88,0,No clear misuse evidence,,,,,not_run_for_this_video,,,,5,0,,,,,needs_human_validation,4,0.778
7530238198937570582,,Zopiclone,Zopiclone,0.88,3,High-risk / explicit review,,,,,not_run_for_this_video,,,,5,0,,,,,needs_human_validation,4,0.778
7530246477067685138,,,,,0,No clear misuse evidence,,,,,not_run_for_this_video,,,,0,0,,,,,no_current_flag,0,0.556
7530393155728919864,,,,,0,No clear misuse evidence,,,,,not_run_for_this_video,,,,0,0,,,,,no_current_flag,0,0.556
7530412105636334861,,,,,0,No clear misuse evidence,,,,,not_run_for_this_video,,,,0,0,,,,,no_current_flag,0,0.556
7530692183943286038,,Marijuana\Cannabis,Cannabis,0.88,0,No clear misuse evidence,,,,,not_run_for_this_video,,,,5,0,,,,,needs_human_validation,4,0.778
7530741127402622213,,,,,0,No clear misuse evidence,,,,,not_run_for_this_video,,,,0,0,,,,,no_current_flag,0,0.556
7531059418285280542,,,,,0,No clear misuse evidence,,,,,not_run_for_this_video,,,,0,0,,,,,no_current_flag,0,0.556
7531135061224164638,,,,,0,No clear misuse evidence,,,,,not_run_for_this_video,,,,0,0,,,,,no_current_flag,0,0.556
7531233681785015565,,,,,0,No clear misuse evidence,,,,,not_run_for_this_video,,,,0,0,,,,,no_current_flag,0,0.556
7532296782953483551,,,,,0,No clear misuse evidence,,,,,not_run_for_this_video,,,,0,0,,,,,no_current_flag,0,0.556
7532409701665983752,,,,,0,No clear misuse evidence,,,,,not_run_for_this_video,,,,0,0,,,,,no_current_flag,0,0.556
7532415376009809208,,,,,0,No clear misuse evidence,,,,,not_run_for_this_video,,,,0,0,,,,,no_current_flag,0,0.556
7532473320386678072,,,,,0,No clear misuse evidence,,,,,not_run_for_this_video,,,,0,0,,,,,no_current_flag,0,0.556
7532507446401682710,https://www.tiktokv.com/share/video/7532507446401682710/,Amphetamine,Amy,0.62,2,Misuse-related evidence,,,,,not_run_for_this_video,,,,10,0,,,,,needs_human_validation,12,0.778
7532705316262186260,,,,,0,No clear misuse evidence,,,,,not_run_for_this_video,,,,0,0,,,,,no_current_flag,0,0.556
7532788531220057357,https://www.tiktokv.com/share/video/7532788531220057357/,,,,2,Misuse-related evidence,,,,,not_run_for_this_video,,,,0,0,,,,,no_current_flag,0,0.556
7532935258723978527,,,,,0,No clear misuse evidence,,,,,not_run_for_this_video,,,,0,0,,,,,no_current_flag,0,0.556
7533373940664651022,,,,,0,No clear misuse evidence,,,,,not_run_for_this_video,,,,0,0,,,,,no_current_flag,0,0.556
7533704122004983070,,,,,0,No clear misuse evidence,,,,,not_run_for_this_video,,,,0,0,,,,,no_current_flag,0,0.556
7534732193063521558,,,,,0,No clear misuse evidence,,,,,not_run_for_this_video,,,,0,0,,,,,no_current_flag,0,0.556
7534840363186457862,,,,,0,No clear misuse evidence,,,,,not_run_for_this_video,,,,0,0,,,,,no_current_flag,0,0.556
7534939722867641631,,,,,0,No clear misuse evidence,,,,,not_run_for_this_video,,,,0,0,,,,,no_current_flag,0,0.556
7535472408266804510,,,,,2,Misuse-related evidence,,,,,not_run_for_this_video,,,,0,0,,,,,no_current_flag,0,0.556
7536802682086952222,,,,,0,No clear misuse evidence,,,,,not_run_for_this_video,,,,0,0,,,,,no_current_flag,0,0.556
7537102575296957704,,,,,0,No clear misuse evidence,,,,,not_run_for_this_video,,,,0,0,,,,,no_current_flag,0,0.556
7537196308033998110,,,,,0,No clear misuse evidence,,,,,not_run_for_this_video,,,,0,0,,,,,no_current_flag,0,0.556
7538407746257964306,,,,,0,No clear misuse evidence,,,,,not_run_for_this_video,,,,0,0,,,,,no_current_flag,0,0.556
7538471771096239390,,,,,0,No clear misuse evidence,,,,,not_run_for_this_video,,,,0,0,,,,,no_current_flag,0,0.556
7538800869953867030,,,,,0,No clear misuse evidence,,,,,not_run_for_this_video,,,,0,0,,,,,no_current_flag,0,0.556
7538843190850686215,,,,,0,No clear misuse evidence,,,,,not_run_for_this_video,,,,0,0,,,,,no_current_flag,0,0.556
7538926487928376631,,,,,0,No clear misuse evidence,,,,,not_run_for_this_video,,,,0,0,,,,,no_current_flag,0,0.556
7539228382081453334,,Cocaine,Cocaine,0.88,0,No clear misuse evidence,,,,,not_run_for_this_video,,,,5,0,,,,,needs_human_validation,4,0.778
7539356035811691831,,,,,0,No clear misuse evidence,,,,,not_run_for_this_video,,,,0,0,,,,,no_current_flag,0,0.556
7539392952037166366,,,,,0,No clear misuse evidence,,,,,not_run_for_this_video,,,,0,0,,,,,no_current_flag,0,0.556
7539485735070502162,,,,,0,No clear misuse evidence,,,,,not_run_for_this_video,,,,0,0,,,,,no_current_flag,0,0.556
7539550091649010949,,,,,0,No clear misuse evidence,,,,,not_run_for_this_video,,,,0,0,,,,,no_current_flag,0,0.556
7539815235356609814,,,,,0,No clear misuse evidence,,,,,not_run_for_this_video,,,,0,0,,,,,no_current_flag,0,0.556
7540111381933182216,,,,,0,No clear misuse evidence,,,,,not_run_for_this_video,,,,0,0,,,,,no_current_flag,0,0.556
7540256775845448967,,,,,0,No clear misuse evidence,,,,,not_run_for_this_video,,,,0,0,,,,,no_current_flag,0,0.556
7540284638107897106,,,,,0,No clear misuse evidence,,,,,not_run_for_this_video,,,,0,0,,,,,no_current_flag,0,0.556
7540312822341848328,,,,,0,No clear misuse evidence,,,,,not_run_for_this_video,,,,0,0,,,,,no_current_flag,0,0.556
7540430705117990158,,Cannabis (THC),weed,0.82,0,No clear misuse evidence,,,,,not_run_for_this_video,,,,3,0,,,,,needs_human_validation,4,0.778
7540604780750572813,,,,,0,No clear misuse evidence,,,,,not_run_for_this_video,,,,0,0,,,,,no_current_flag,0,0.556
7540775949382536453,,,,,0,No clear misuse evidence,,,,,not_run_for_this_video,,,,0,0,,,,,no_current_flag,0,0.556
7540821951049141522,,,,,0,No clear misuse evidence,,,,,not_run_for_this_video,,,,0,0,,,,,no_current_flag,0,0.556
7541081121212206392,,,,,0,No clear misuse evidence,,,,,not_run_for_this_video,,,,0,0,,,,,no_current_flag,0,0.556
7541143992134814989,,,,,0,No clear misuse evidence,,,,,not_run_for_this_video,,,,0,0,,,,,no_current_flag,0,0.556
7541165267326487839,,CBD,CBD,0.88,1,Weak / ambiguous drug reference,,,,,not_run_for_this_video,,,,23,0,,,,,needs_human_validation,20,0.778
7541293111398386966,,,,,0,No clear misuse evidence,,,,,not_run_for_this_video,,,,0,0,,,,,no_current_flag,0,0.556
7542047455467326728,,,,,0,No clear misuse evidence,,,,,not_run_for_this_video,,,,0,0,,,,,no_current_flag,0,0.556
7542186750395845906,,,,,0,No clear misuse evidence,,,,,not_run_for_this_video,,,,0,0,,,,,no_current_flag,0,0.556
7542231524662398238,,,,,0,No clear misuse evidence,,,,,not_run_for_this_video,,,,0,0,,,,,no_current_flag,0,0.556
7542536489633074487,,,,,0,No clear misuse evidence,,,,,not_run_for_this_video,,,,0,0,,,,,no_current_flag,0,0.556
7542582856774651167,,Codeine,lean,0.82,0,No clear misuse evidence,,,,,not_run_for_this_video,,,,5,0,,,,,needs_human_validation,6,0.778
7542636311253896479,,,,,0,No clear misuse evidence,,,,,not_run_for_this_video,,,,0,0,,,,,no_current_flag,0,0.556
7542883796266306830,,,,,0,No clear misuse evidence,,,,,not_run_for_this_video,,,,0,0,,,,,no_current_flag,0,0.556
7543160373961035030,,,,,2,Misuse-related evidence,,,,,not_run_for_this_video,,,,0,0,,,,,no_current_flag,0,0.556
7543231265076481303,,,,,0,No clear misuse evidence,,,,,not_run_for_this_video,,,,0,0,,,,,no_current_flag,0,0.556
7543755618029473029,,,,,0,No clear misuse evidence,,,,,not_run_for_this_video,,,,0,0,,,,,no_current_flag,0,0.556
7544771002639666454,,,,,0,No clear misuse evidence,,,,,not_run_for_this_video,,,,0,0,,,,,no_current_flag,0,0.556
7544880564831112462,,,,,0,No clear misuse evidence,,,,,not_run_for_this_video,,,,0,0,,,,,no_current_flag,0,0.556
7545209720794057991,,,,,0,No clear misuse evidence,,,,,not_run_for_this_video,,,,0,0,,,,,no_current_flag,0,0.556
7545501728561564958,,Gabapentin,Gabapentin,0.88,0,No clear misuse evidence,,,,,not_run_for_this_video,,,,5,0,,,,,needs_human_validation,4,0.778
7545692191214128397,,,,,0,No clear misuse evidence,,,,,not_run_for_this_video,,,,0,0,,,,,no_current_flag,0,0.556
7546034142392208695,,Cocaine,Cocaine,0.88,0,No clear misuse evidence,,,,,not_run_for_this_video,,,,5,0,,,,,needs_human_validation,4,0.778
7546241589375618359,,,,,0,No clear misuse evidence,,,,,not_run_for_this_video,,,,0,0,,,,,no_current_flag,0,0.556
7546261355419012382,,,,,0,No clear misuse evidence,,,,,not_run_for_this_video,,,,0,0,,,,,no_current_flag,0,0.556
7546665267137498399,,,,,0,No clear misuse evidence,,,,,not_run_for_this_video,,,,0,0,,,,,no_current_flag,0,0.556
7546777726473014541,,,,,0,No clear misuse evidence,,,,,not_run_for_this_video,,,,0,0,,,,,no_current_flag,0,0.556
7546831737108565262,,,,,0,No clear misuse evidence,,,,,not_run_for_this_video,,,,0,0,,,,,no_current_flag,0,0.556
7546992487324290321,,,,,0,No clear misuse evidence,,,,,not_run_for_this_video,,,,0,0,,,,,no_current_flag,0,0.556
7547494562697137421,,,,,0,No clear misuse evidence,,,,,not_run_for_this_video,,,,0,0,,,,,no_current_flag,0,0.556
7547731568291302669,,,,,0,No clear misuse evidence,,,,,not_run_for_this_video,,,,0,0,,,,,no_current_flag,0,0.556
7547917861818223886,,,,,0,No clear misuse evidence,,,,,not_run_for_this_video,,,,0,0,,,,,no_current_flag,0,0.556
7548588051132337463,,,,,0,No clear misuse evidence,,,,,not_run_for_this_video,,,,0,0,,,,,no_current_flag,0,0.556
7549052265458388242,,,,,0,No clear misuse evidence,,,,,not_run_for_this_video,,,,0,0,,,,,no_current_flag,0,0.556
7549402777504517406,,,,,0,No clear misuse evidence,,,,,not_run_for_this_video,,,,0,0,,,,,no_current_flag,0,0.556
7550037304933420301,,,,,0,No clear misuse evidence,,,,,not_run_for_this_video,,,,0,0,,,,,no_current_flag,0,0.556
7550081617549708562,,,,,0,No clear misuse evidence,,,,,not_run_for_this_video,,,,0,0,,,,,no_current_flag,0,0.556
7550270642894032150,,,,,0,No clear misuse evidence,,,,,not_run_for_this_video,,,,0,0,,,,,no_current_flag,0,0.556
7550378911163485471,,MDMA (Ecstasy),rolling,0.62,0,No clear misuse evidence,,,,,not_run_for_this_video,,,,3,0,,,,,needs_human_validation,4,0.778
7550528221826092306,,,,,0,No clear misuse evidence,,,,,not_run_for_this_video,,,,0,0,,,,,no_current_flag,0,0.556
7550623313601613064,,,,,0,No clear misuse evidence,,,,,not_run_for_this_video,,,,0,0,,,,,no_current_flag,0,0.556
7550674411104275720,,,,,0,No clear misuse evidence,,,,,not_run_for_this_video,,,,0,0,,,,,no_current_flag,0,0.556
7551029833044708621,,,,,0,No clear misuse evidence,,,,,not_run_for_this_video,,,,0,0,,,,,no_current_flag,0,0.556
7551112083404901645,,,,,0,No clear misuse evidence,,,,,not_run_for_this_video,,,,0,0,,,,,no_current_flag,0,0.556
7551473220440853782,,,,,0,No clear misuse evidence,,,,,not_run_for_this_video,,,,0,0,,,,,no_current_flag,0,0.556
7551573965848825143,,,,,0,No clear misuse evidence,,,,,not_run_for_this_video,,,,0,0,,,,,no_current_flag,0,0.556
7551608981882490143,,,,,0,No clear misuse evidence,,,,,not_run_for_this_video,,,,0,0,,,,,no_current_flag,0,0.556
7551863832247930133,,,,,0,No clear misuse evidence,,,,,not_run_for_this_video,,,,0,0,,,,,no_current_flag,0,0.556
7551928486156389662,,,,,0,No clear misuse evidence,,,,,not_run_for_this_video,,,,0,0,,,,,no_current_flag,0,0.556
7552715297623575815,,,,,0,No clear misuse evidence,,,,,not_run_for_this_video,,,,0,0,,,,,no_current_flag,0,0.556
7553028525662489886,,,,,0,No clear misuse evidence,,,,,not_run_for_this_video,,,,0,0,,,,,no_current_flag,0,0.556
7553028976134999310,,,,,0,No clear misuse evidence,,,,,not_run_for_this_video,,,,0,0,,,,,no_current_flag,0,0.556
7553090920153910583,,,,,0,No clear misuse evidence,,,,,not_run_for_this_video,,,,0,0,,,,,no_current_flag,0,0.556
7553211914025700626,,MDA,MDA,0.88,0,No clear misuse evidence,,,,,not_run_for_this_video,,,,5,0,,,,,needs_human_validation,4,0.778
7553249888830590216,,,,,0,No clear misuse evidence,,,,,not_run_for_this_video,,,,0,0,,,,,no_current_flag,0,0.556
7553395291634814263,,,,,0,No clear misuse evidence,,,,,not_run_for_this_video,,,,0,0,,,,,no_current_flag,0,0.556
7553404267080518943,,,,,0,No clear misuse evidence,,,,,not_run_for_this_video,,,,0,0,,,,,no_current_flag,0,0.556
7553506357299727671,,,,,0,No clear misuse evidence,,,,,not_run_for_this_video,,,,0,0,,,,,no_current_flag,0,0.556
7553777971618663698,,,,,0,No clear misuse evidence,,,,,not_run_for_this_video,,,,0,0,,,,,no_current_flag,0,0.556
7554094707173985548,,,,,0,No clear misuse evidence,,,,,not_run_for_this_video,,,,0,0,,,,,no_current_flag,0,0.556
7554104477926673678,,,,,0,No clear misuse evidence,,,,,not_run_for_this_video,,,,0,0,,,,,no_current_flag,0,0.556
7554135611733576991,,,,,0,No clear misuse evidence,,,,,not_run_for_this_video,,,,0,0,,,,,no_current_flag,0,0.556
7554262485360971039,,,,,0,No clear misuse evidence,,,,,not_run_for_this_video,,,,0,0,,,,,no_current_flag,0,0.556
7554458533627202818,,,,,0,No clear misuse evidence,,,,,not_run_for_this_video,,,,0,0,,,,,no_current_flag,0,0.556
7554465823130242335,,,,,0,No clear misuse evidence,,,,,not_run_for_this_video,,,,0,0,,,,,no_current_flag,0,0.556
7554501126717000968,,,,,0,No clear misuse evidence,,,,,not_run_for_this_video,,,,0,0,,,,,no_current_flag,0,0.556
7554509634384465183,,,,,0,No clear misuse evidence,,,,,not_run_for_this_video,,,,0,0,,,,,no_current_flag,0,0.556
7554861413672455455,,,,,2,Misuse-related evidence,,,,,not_run_for_this_video,,,,0,0,,,,,no_current_flag,0,0.556
7555140702347382038,,,,,0,No clear misuse evidence,,,,,not_run_for_this_video,,,,0,0,,,,,no_current_flag,0,0.556
7555219848171687199,,,,,0,No clear misuse evidence,,,,,not_run_for_this_video,,,,0,0,,,,,no_current_flag,0,0.556
7555244712496565534,,,,,0,No clear misuse evidence,,,,,not_run_for_this_video,,,,0,0,,,,,no_current_flag,0,0.556
7555521448106855703,,,,,0,No clear misuse evidence,,,,,not_run_for_this_video,,,,0,0,,,,,no_current_flag,0,0.556
7555575512463068446,,,,,0,No clear misuse evidence,,,,,not_run_for_this_video,,,,0,0,,,,,no_current_flag,0,0.556
7555597607221955854,,,,,0,No clear misuse evidence,,,,,not_run_for_this_video,,,,0,0,,,,,no_current_flag,0,0.556
7555725593497619734,,,,,0,No clear misuse evidence,,,,,not_run_for_this_video,,,,0,0,,,,,no_current_flag,0,0.556
7555899246109527318,,,,,0,No clear misuse evidence,,,,,not_run_for_this_video,,,,0,0,,,,,no_current_flag,0,0.556
7556006170213829901,,,,,0,No clear misuse evidence,,,,,not_run_for_this_video,,,,0,0,,,,,no_current_flag,0,0.556
7556135279828995346,,,,,0,No clear misuse evidence,,,,,not_run_for_this_video,,,,0,0,,,,,no_current_flag,0,0.556
7556249380215360775,,,,,0,No clear misuse evidence,,,,,not_run_for_this_video,,,,0,0,,,,,no_current_flag,0,0.556
7556345856853544222,,,,,0,No clear misuse evidence,,,,,not_run_for_this_video,,,,0,0,,,,,no_current_flag,0,0.556
7556508471378627851,,,,,0,No clear misuse evidence,,,,,not_run_for_this_video,,,,0,0,,,,,no_current_flag,0,0.556
7556551449358994744,,,,,0,No clear misuse evidence,,,,,not_run_for_this_video,,,,0,0,,,,,no_current_flag,0,0.556
7556615195146145055,,,,,0,No clear misuse evidence,,,,,not_run_for_this_video,,,,0,0,,,,,no_current_flag,0,0.556
7556634689197313311,,Alprazolam (Xanax®),Xanax,0.88,1,Weak / ambiguous drug reference,,,,,not_run_for_this_video,,,,20,0,,,,,needs_human_validation,18,0.778
7556708332246027575,,,,,0,No clear misuse evidence,,,,,not_run_for_this_video,,,,0,0,,,,,no_current_flag,0,0.556
7556735769067457803,,,,,0,No clear misuse evidence,,,,,not_run_for_this_video,,,,0,0,,,,,no_current_flag,0,0.556
7556788333964266808,,,,,0,No clear misuse evidence,,,,,not_run_for_this_video,,,,0,0,,,,,no_current_flag,0,0.556
7557050334678453517,,,,,2,Misuse-related evidence,,,,,not_run_for_this_video,,,,0,0,,,,,no_current_flag,0,0.556
7557097346442562830,,,,,0,No clear misuse evidence,,,,,not_run_for_this_video,,,,0,0,,,,,no_current_flag,0,0.556
7557287538528980246,,Crack Cocaine,Crack Cocaine,0.88,1,Weak / ambiguous drug reference,,,,,not_run_for_this_video,,,,25,0,,,,,needs_human_validation,22,0.778
7557385392438185227,,,,,0,No clear misuse evidence,,,,,not_run_for_this_video,,,,0,0,,,,,no_current_flag,0,0.556
7557652574367681822,,,,,0,No clear misuse evidence,,,,,not_run_for_this_video,,,,0,0,,,,,no_current_flag,0,0.556
7557838605876579597,,,,,0,No clear misuse evidence,,,,,not_run_for_this_video,,,,0,0,,,,,no_current_flag,0,0.556
7557847362945682743,,,,,0,No clear misuse evidence,,,,,not_run_for_this_video,,,,0,0,,,,,no_current_flag,0,0.556
7558447944765066503,,,,,0,No clear misuse evidence,,,,,not_run_for_this_video,,,,0,0,,,,,no_current_flag,0,0.556
7558507721776024845,,,,,0,No clear misuse evidence,,,,,not_run_for_this_video,,,,0,0,,,,,no_current_flag,0,0.556
7558657810653859103,,Synthetic Cannabinoids,AK-47,0.88,0,No clear misuse evidence,,,,,not_run_for_this_video,,,,5,0,,,,,needs_human_validation,4,0.778
7558888709232332054,,,,,0,No clear misuse evidence,,,,,not_run_for_this_video,,,,0,0,,,,,no_current_flag,0,0.556
7558943899411172620,,,,,0,No clear misuse evidence,,,,,not_run_for_this_video,,,,0,0,,,,,no_current_flag,0,0.556
7558965268081282335,,,,,0,No clear misuse evidence,,,,,not_run_for_this_video,,,,0,0,,,,,no_current_flag,0,0.556
7559356484803366156,,,,,0,No clear misuse evidence,,,,,not_run_for_this_video,,,,0,0,,,,,no_current_flag,0,0.556
7559483891275353365,,,,,0,No clear misuse evidence,,,,,not_run_for_this_video,,,,0,0,,,,,no_current_flag,0,0.556
7559542713989729592,,,,,0,No clear misuse evidence,,,,,not_run_for_this_video,,,,0,0,,,,,no_current_flag,0,0.556
7559550011621543201,,,,,0,No clear misuse evidence,,,,,not_run_for_this_video,,,,0,0,,,,,no_current_flag,0,0.556
7559587826669489438,,,,,0,No clear misuse evidence,,,,,not_run_for_this_video,,,,0,0,,,,,no_current_flag,0,0.556
7559799314994842910,,,,,0,No clear misuse evidence,,,,,not_run_for_this_video,,,,0,0,,,,,no_current_flag,0,0.556
7559846331351698695,,,,,0,No clear misuse evidence,,,,,not_run_for_this_video,,,,0,0,,,,,no_current_flag,0,0.556
7560024058981600534,,,,,0,No clear misuse evidence,,,,,not_run_for_this_video,,,,0,0,,,,,no_current_flag,0,0.556
7560390893618957590,,,,,0,No clear misuse evidence,,,,,not_run_for_this_video,,,,0,0,,,,,no_current_flag,0,0.556
7560735479331556616,,,,,0,No clear misuse evidence,,,,,not_run_for_this_video,,,,0,0,,,,,no_current_flag,0,0.556
7561161343995350303,,,,,0,No clear misuse evidence,,,,,not_run_for_this_video,,,,0,0,,,,,no_current_flag,0,0.556
7561464844495424790,,,,,0,No clear misuse evidence,,,,,not_run_for_this_video,,,,0,0,,,,,no_current_flag,0,0.556
7561490699624009015,,,,,0,No clear misuse evidence,,,,,not_run_for_this_video,,,,0,0,,,,,no_current_flag,0,0.556
7561530384157101367,,,,,0,No clear misuse evidence,,,,,not_run_for_this_video,,,,0,0,,,,,no_current_flag,0,0.556
7561685981129198860,,,,,0,No clear misuse evidence,,,,,not_run_for_this_video,,,,0,0,,,,,no_current_flag,0,0.556
7562002421388528904,,,,,0,No clear misuse evidence,,,,,not_run_for_this_video,,,,0,0,,,,,no_current_flag,0,0.556
7562067254695709973,,,,,2,Misuse-related evidence,,,,,not_run_for_this_video,,,,0,0,,,,,no_current_flag,0,0.556
7562134839915285774,,,,,0,No clear misuse evidence,,,,,not_run_for_this_video,,,,0,0,,,,,no_current_flag,0,0.556
7562216185845075255,,,,,0,No clear misuse evidence,,,,,not_run_for_this_video,,,,0,0,,,,,no_current_flag,0,0.556
7562232522562637078,,,,,0,No clear misuse evidence,,,,,not_run_for_this_video,,,,0,0,,,,,no_current_flag,0,0.556
7562602445021400340,,,,,0,No clear misuse evidence,,,,,not_run_for_this_video,,,,0,0,,,,,no_current_flag,0,0.556
7562632150541978887,,,,,0,No clear misuse evidence,,,,,not_run_for_this_video,,,,0,0,,,,,no_current_flag,0,0.556
7562814914746699015,,,,,0,No clear misuse evidence,,,,,not_run_for_this_video,,,,0,0,,,,,no_current_flag,0,0.556
7563011119506279702,,,,,0,No clear misuse evidence,,,,,not_run_for_this_video,,,,0,0,,,,,no_current_flag,0,0.556
7563047231603903758,,,,,0,No clear misuse evidence,,,,,not_run_for_this_video,,,,0,0,,,,,no_current_flag,0,0.556
7563328589635046674,,,,,0,No clear misuse evidence,,,,,not_run_for_this_video,,,,0,0,,,,,no_current_flag,0,0.556
7563347586803911967,,,,,0,No clear misuse evidence,,,,,not_run_for_this_video,,,,0,0,,,,,no_current_flag,0,0.556
7563398418996006152,,,,,0,No clear misuse evidence,,,,,not_run_for_this_video,,,,0,0,,,,,no_current_flag,0,0.556
7563429972702940429,,,,,0,No clear misuse evidence,,,,,not_run_for_this_video,,,,0,0,,,,,no_current_flag,0,0.556
7563682051178663190,,Psilocin,Magic Mushrooms,0.88,0,No clear misuse evidence,,,,,not_run_for_this_video,,,,15,0,,,,,needs_human_validation,16,0.778
7563702473664286007,,,,,0,No clear misuse evidence,,,,,not_run_for_this_video,,,,0,0,,,,,no_current_flag,0,0.556
7563703559439535415,,Fentanyl and Derivatives (e.g.; meta‑Fluorofentanyl; Acryloylfentanyl),Poison,0.62,0,No clear misuse evidence,,,,,not_run_for_this_video,,,,5,0,,,,,needs_human_validation,6,0.778
7563764979002821919,,,,,0,No clear misuse evidence,,,,,not_run_for_this_video,,,,0,0,,,,,no_current_flag,0,0.556
7563766167383461142,,,,,0,No clear misuse evidence,,,,,not_run_for_this_video,,,,0,0,,,,,no_current_flag,0,0.556
7563778280122322207,,,,,0,No clear misuse evidence,,,,,not_run_for_this_video,,,,0,0,,,,,no_current_flag,0,0.556
7563781025248103694,,,,,0,No clear misuse evidence,,,,,not_run_for_this_video,,,,0,0,,,,,no_current_flag,0,0.556
7563862105611439390,,,,,0,No clear misuse evidence,,,,,not_run_for_this_video,,,,0,0,,,,,no_current_flag,0,0.556
7563905852504083768,,,,,0,No clear misuse evidence,,,,,not_run_for_this_video,,,,0,0,,,,,no_current_flag,0,0.556
7563975504169094420,,,,,0,No clear misuse evidence,,,,,not_run_for_this_video,,,,0,0,,,,,no_current_flag,0,0.556
7564036781427985686,,,,,0,No clear misuse evidence,,,,,not_run_for_this_video,,,,0,0,,,,,no_current_flag,0,0.556
7564262982944034071,,,,,0,No clear misuse evidence,,,,,not_run_for_this_video,,,,0,0,,,,,no_current_flag,0,0.556
7564324517577903373,,Ketamine,Ketamine,0.88,0,No clear misuse evidence,,,,,not_run_for_this_video,,,,5,0,,,,,needs_human_validation,4,0.778
7564483125049396502,,,,,0,No clear misuse evidence,,,,,not_run_for_this_video,,,,0,0,,,,,no_current_flag,0,0.556
7564500729428331831,,,,,0,No clear misuse evidence,,,,,not_run_for_this_video,,,,0,0,,,,,no_current_flag,0,0.556
7564509952547605777,,,,,0,No clear misuse evidence,,,,,not_run_for_this_video,,,,0,0,,,,,no_current_flag,0,0.556
7564540314308922637,,,,,0,No clear misuse evidence,,,,,not_run_for_this_video,,,,0,0,,,,,no_current_flag,0,0.556
7564578435704573214,,,,,0,No clear misuse evidence,,,,,not_run_for_this_video,,,,0,0,,,,,no_current_flag,0,0.556
7564783933833891079,,,,,0,No clear misuse evidence,,,,,not_run_for_this_video,,,,0,0,,,,,no_current_flag,0,0.556
7564984886872788279,,Cannabis (THC),weed,0.82,1,Weak / ambiguous drug reference,,,,,not_run_for_this_video,,,,3,0,,,,,needs_human_validation,4,0.778
7565148975548861712,,,,,0,No clear misuse evidence,,,,,not_run_for_this_video,,,,0,0,,,,,no_current_flag,0,0.556
7565176983659891981,,,,,0,No clear misuse evidence,,,,,not_run_for_this_video,,,,0,0,,,,,no_current_flag,0,0.556
7565448953798348054,,,,,0,No clear misuse evidence,,,,,not_run_for_this_video,,,,0,0,,,,,no_current_flag,0,0.556
7565487260942994710,,,,,0,No clear misuse evidence,,,,,not_run_for_this_video,,,,0,0,,,,,no_current_flag,0,0.556
7565588309141884216,,,,,0,No clear misuse evidence,,,,,not_run_for_this_video,,,,0,0,,,,,no_current_flag,0,0.556
7565677794248772878,,,,,0,No clear misuse evidence,,,,,not_run_for_this_video,,,,0,0,,,,,no_current_flag,0,0.556
7565692050507681055,,,,,0,No clear misuse evidence,,,,,not_run_for_this_video,,,,0,0,,,,,no_current_flag,0,0.556
7565883386221301014,,,,,0,No clear misuse evidence,,,,,not_run_for_this_video,,,,0,0,,,,,no_current_flag,0,0.556
7566057590262697230,,,,,0,No clear misuse evidence,,,,,not_run_for_this_video,,,,0,0,,,,,no_current_flag,0,0.556
7566083916419878162,,U-47700,Pink,0.62,0,No clear misuse evidence,,,,,not_run_for_this_video,,,,5,0,,,,,needs_human_validation,6,0.778
7566215475584077070,,,,,0,No clear misuse evidence,,,,,not_run_for_this_video,,,,0,0,,,,,no_current_flag,0,0.556
7566217196859313415,,,,,0,No clear misuse evidence,,,,,not_run_for_this_video,,,,0,0,,,,,no_current_flag,0,0.556
7566286165058391303,,,,,0,No clear misuse evidence,,,,,not_run_for_this_video,,,,0,0,,,,,no_current_flag,0,0.556
7566359383433563422,,,,,0,No clear misuse evidence,,,,,not_run_for_this_video,,,,0,0,,,,,no_current_flag,0,0.556
7566741162669640991,,,,,0,No clear misuse evidence,,,,,not_run_for_this_video,,,,0,0,,,,,no_current_flag,0,0.556
7566751250264476983,,,,,0,No clear misuse evidence,,,,,not_run_for_this_video,,,,0,0,,,,,no_current_flag,0,0.556
7566767538575592726,,,,,0,No clear misuse evidence,,,,,not_run_for_this_video,,,,0,0,,,,,no_current_flag,0,0.556
7566797015280078110,,,,,0,No clear misuse evidence,,,,,not_run_for_this_video,,,,0,0,,,,,no_current_flag,0,0.556
7567042531523857695,,,,,0,No clear misuse evidence,,,,,not_run_for_this_video,,,,0,0,,,,,no_current_flag,0,0.556
7567371712573066510,,,,,0,No clear misuse evidence,,,,,not_run_for_this_video,,,,0,0,,,,,no_current_flag,0,0.556
7567514339670871327,,Marijuana\Cannabis,Cannabis,0.88,0,No clear misuse evidence,,,,,not_run_for_this_video,,,,5,0,,,,,needs_human_validation,4,0.778
7567688155080445206,,,,,0,No clear misuse evidence,,,,,not_run_for_this_video,,,,0,0,,,,,no_current_flag,0,0.556
7567771109504847117,,,,,0,No clear misuse evidence,,,,,not_run_for_this_video,,,,0,0,,,,,no_current_flag,0,0.556
7567864790924791071,,,,,0,No clear misuse evidence,,,,,not_run_for_this_video,,,,0,0,,,,,no_current_flag,0,0.556
7567928862189833503,,Heroin,Heroin,0.88,0,No clear misuse evidence,,,,,not_run_for_this_video,,,,10,0,,,,,needs_human_validation,8,0.778
7568119961512643862,,Crack Cocaine,Hard,0.62,2,Misuse-related evidence,,,,,not_run_for_this_video,,,,10,0,,,,,needs_human_validation,12,0.778
7568151588506766600,,,,,0,No clear misuse evidence,,,,,not_run_for_this_video,,,,0,0,,,,,no_current_flag,0,0.556
7568349098718334216,,,,,0,No clear misuse evidence,,,,,not_run_for_this_video,,,,0,0,,,,,no_current_flag,0,0.556
7568360082866572552,,,,,0,No clear misuse evidence,,,,,not_run_for_this_video,,,,0,0,,,,,no_current_flag,0,0.556
7568566917628218646,,CBD,CBD,0.88,0,No clear misuse evidence,,,,,not_run_for_this_video,,,,5,0,,,,,needs_human_validation,4,0.778
7568579998169320735,,,,,0,No clear misuse evidence,,,,,not_run_for_this_video,,,,0,0,,,,,no_current_flag,0,0.556
7568605990552325406,,,,,0,No clear misuse evidence,,,,,not_run_for_this_video,,,,0,0,,,,,no_current_flag,0,0.556
7568766801006300438,,,,,0,No clear misuse evidence,,,,,not_run_for_this_video,,,,0,0,,,,,no_current_flag,0,0.556
7568836889269112095,,Heroin,Tar,0.62,0,No clear misuse evidence,,,,,not_run_for_this_video,,,,5,0,,,,,needs_human_validation,6,0.778
7568921745101557014,,,,,0,No clear misuse evidence,,,,,not_run_for_this_video,,,,0,0,,,,,no_current_flag,0,0.556
7569291229372878091,,,,,0,No clear misuse evidence,,,,,not_run_for_this_video,,,,0,0,,,,,no_current_flag,0,0.556
7569319760257764626,,,,,0,No clear misuse evidence,,,,,not_run_for_this_video,,,,0,0,,,,,no_current_flag,0,0.556
7569330484128386326,,,,,0,No clear misuse evidence,,,,,not_run_for_this_video,,,,0,0,,,,,no_current_flag,0,0.556
7569620772608658718,,,,,0,No clear misuse evidence,,,,,not_run_for_this_video,,,,0,0,,,,,no_current_flag,0,0.556
7569709608764640530,,,,,0,No clear misuse evidence,,,,,not_run_for_this_video,,,,0,0,,,,,no_current_flag,0,0.556
7569721781037108500,,,,,0,No clear misuse evidence,,,,,not_run_for_this_video,,,,0,0,,,,,no_current_flag,0,0.556
7569738411171532054,,,,,0,No clear misuse evidence,,,,,not_run_for_this_video,,,,0,0,,,,,no_current_flag,0,0.556
7569832519378488590,,,,,0,No clear misuse evidence,,,,,not_run_for_this_video,,,,0,0,,,,,no_current_flag,0,0.556
7570182013680930062,,,,,0,No clear misuse evidence,,,,,not_run_for_this_video,,,,0,0,,,,,no_current_flag,0,0.556
7570295995280542983,,Codeine,lean,0.82,0,No clear misuse evidence,,,,,not_run_for_this_video,,,,5,0,,,,,needs_human_validation,6,0.778
7570426364084374802,,,,,0,No clear misuse evidence,,,,,not_run_for_this_video,,,,0,0,,,,,no_current_flag,0,0.556
7570662718705798431,,,,,0,No clear misuse evidence,,,,,not_run_for_this_video,,,,0,0,,,,,no_current_flag,0,0.556
7570728119024291074,,,,,0,No clear misuse evidence,,,,,not_run_for_this_video,,,,0,0,,,,,no_current_flag,0,0.556
7570776393450032414,,,,,0,No clear misuse evidence,,,,,not_run_for_this_video,,,,0,0,,,,,no_current_flag,0,0.556
7570856963588853005,,Synthetic Cannabinoids,Synthetic Marijuana,0.88,0,No clear misuse evidence,,,,,not_run_for_this_video,,,,8,0,,,,,needs_human_validation,6,0.778
7571177128528563478,,,,,0,No clear misuse evidence,,,,,not_run_for_this_video,,,,0,0,,,,,no_current_flag,0,0.556
7571234093514362134,,,,,0,No clear misuse evidence,,,,,not_run_for_this_video,,,,0,0,,,,,no_current_flag,0,0.556
7571241141383826701,,,,,0,No clear misuse evidence,,,,,not_run_for_this_video,,,,0,0,,,,,no_current_flag,0,0.556
7571336200154336568,,,,,0,No clear misuse evidence,,,,,not_run_for_this_video,,,,0,0,,,,,no_current_flag,0,0.556
7571389843893128455,,,,,0,No clear misuse evidence,,,,,not_run_for_this_video,,,,0,0,,,,,no_current_flag,0,0.556
7571509189005151510,,Phencyclidine (PCP),PCP,0.88,0,No clear misuse evidence,,,,,not_run_for_this_video,,,,5,0,,,,,needs_human_validation,4,0.778
7571515719980993809,,,,,0,No clear misuse evidence,,,,,not_run_for_this_video,,,,0,0,,,,,no_current_flag,0,0.556
7571539620505095455,,,,,0,No clear misuse evidence,,,,,not_run_for_this_video,,,,0,0,,,,,no_current_flag,0,0.556
7571583773649718583,,,,,0,No clear misuse evidence,,,,,not_run_for_this_video,,,,0,0,,,,,no_current_flag,0,0.556
7571664927539088672,,,,,0,No clear misuse evidence,,,,,not_run_for_this_video,,,,0,0,,,,,no_current_flag,0,0.556
7571766883842559246,,,,,0,No clear misuse evidence,,,,,not_run_for_this_video,,,,0,0,,,,,no_current_flag,0,0.556
7571767684354919702,,,,,0,No clear misuse evidence,,,,,not_run_for_this_video,,,,0,0,,,,,no_current_flag,0,0.556
7571946623580867870,,,,,0,No clear misuse evidence,,,,,not_run_for_this_video,,,,0,0,,,,,no_current_flag,0,0.556
7572123355822820663,,Methamphetamine,meth,0.82,1,Weak / ambiguous drug reference,,,,,not_run_for_this_video,,,,5,0,,,,,needs_human_validation,6,0.778
7572177771019996437,,,,,0,No clear misuse evidence,,,,,not_run_for_this_video,,,,0,0,,,,,no_current_flag,0,0.556
7572268358264016158,,,,,0,No clear misuse evidence,,,,,not_run_for_this_video,,,,0,0,,,,,no_current_flag,0,0.556
7572427984133524748,,,,,0,No clear misuse evidence,,,,,not_run_for_this_video,,,,0,0,,,,,no_current_flag,0,0.556
7572438857581415687,,,,,0,No clear misuse evidence,,,,,not_run_for_this_video,,,,0,0,,,,,no_current_flag,0,0.556
7572520627249106206,,,,,0,No clear misuse evidence,,,,,not_run_for_this_video,,,,0,0,,,,,no_current_flag,0,0.556
7572601863464373517,,Methamphetamine,meth,0.82,1,Weak / ambiguous drug reference,,,,,not_run_for_this_video,,,,15,0,,,,,needs_human_validation,16,0.778
7572644266963520798,,,,,0,No clear misuse evidence,,,,,not_run_for_this_video,,,,0,0,,,,,no_current_flag,0,0.556
7572867958008057109,,LSD,acid,0.82,0,No clear misuse evidence,,,,,not_run_for_this_video,,,,5,0,,,,,needs_human_validation,6,0.778
7572883642632948999,,,,,0,No clear misuse evidence,,,,,not_run_for_this_video,,,,0,0,,,,,no_current_flag,0,0.556
7573013432052616461,,,,,0,No clear misuse evidence,,,,,not_run_for_this_video,,,,0,0,,,,,no_current_flag,0,0.556
7573029373083798798,,,,,0,No clear misuse evidence,,,,,not_run_for_this_video,,,,0,0,,,,,no_current_flag,0,0.556
7573102365625126174,,,,,0,No clear misuse evidence,,,,,not_run_for_this_video,,,,0,0,,,,,no_current_flag,0,0.556
7573127324665761054,,,,,0,No clear misuse evidence,,,,,not_run_for_this_video,,,,0,0,,,,,no_current_flag,0,0.556
7573406859957128503,,,,,0,No clear misuse evidence,,,,,not_run_for_this_video,,,,0,0,,,,,no_current_flag,0,0.556
7573432190353132813,,,,,0,No clear misuse evidence,,,,,not_run_for_this_video,,,,0,0,,,,,no_current_flag,0,0.556
7573447242800057614,,,,,0,No clear misuse evidence,,,,,not_run_for_this_video,,,,0,0,,,,,no_current_flag,0,0.556
7573519853949111607,,,,,0,No clear misuse evidence,,,,,not_run_for_this_video,,,,0,0,,,,,no_current_flag,0,0.556
7573740021853818119,,,,,0,No clear misuse evidence,,,,,not_run_for_this_video,,,,0,0,,,,,no_current_flag,0,0.556
7573840236866751766,,,,,0,No clear misuse evidence,,,,,not_run_for_this_video,,,,0,0,,,,,no_current_flag,0,0.556
7573925721471552823,,,,,0,No clear misuse evidence,,,,,not_run_for_this_video,,,,0,0,,,,,no_current_flag,0,0.556
7573985454865861895,,,,,0,No clear misuse evidence,,,,,not_run_for_this_video,,,,0,0,,,,,no_current_flag,0,0.556
7574071152474180884,,,,,0,No clear misuse evidence,,,,,not_run_for_this_video,,,,0,0,,,,,no_current_flag,0,0.556
7574143100763852054,,,,,0,No clear misuse evidence,,,,,not_run_for_this_video,,,,0,0,,,,,no_current_flag,0,0.556
7574182189403802912,,Cannabis (THC),za,0.82,0,No clear misuse evidence,,,,,not_run_for_this_video,,,,8,0,,,,,needs_human_validation,10,0.778
7574189543612534034,,LSD,acid,0.82,0,No clear misuse evidence,,,,,not_run_for_this_video,,,,10,0,,,,,needs_human_validation,12,0.778
7574597606123326727,,Methamphetamine,Methamphetamine,0.88,1,Weak / ambiguous drug reference,,,,,not_run_for_this_video,,,,15,0,,,,,needs_human_validation,14,0.778
7574598058176941325,,,,,0,No clear misuse evidence,,,,,not_run_for_this_video,,,,0,0,,,,,no_current_flag,0,0.556
7574781463078472990,,,,,0,No clear misuse evidence,,,,,not_run_for_this_video,,,,0,0,,,,,no_current_flag,0,0.556
7574901616906652959,,,,,0,No clear misuse evidence,,,,,not_run_for_this_video,,,,0,0,,,,,no_current_flag,0,0.556
7575195549226372374,,,,,0,No clear misuse evidence,,,,,not_run_for_this_video,,,,0,0,,,,,no_current_flag,0,0.556
7575232448317967647,,,,,0,No clear misuse evidence,,,,,not_run_for_this_video,,,,0,0,,,,,no_current_flag,0,0.556
7575310226077797662,,,,,0,No clear misuse evidence,,,,,not_run_for_this_video,,,,0,0,,,,,no_current_flag,0,0.556
7575336782217284882,,,,,0,No clear misuse evidence,,,,,not_run_for_this_video,,,,0,0,,,,,no_current_flag,0,0.556
7575349777584393502,,,,,0,No clear misuse evidence,,,,,not_run_for_this_video,,,,0,0,,,,,no_current_flag,0,0.556
7575354221571083534,,,,,0,No clear misuse evidence,,,,,not_run_for_this_video,,,,0,0,,,,,no_current_flag,0,0.556
7575616206716079382,,,,,0,No clear misuse evidence,,,,,not_run_for_this_video,,,,0,0,,,,,no_current_flag,0,0.556
7575628760771300630,,,,,0,No clear misuse evidence,,,,,not_run_for_this_video,,,,0,0,,,,,no_current_flag,0,0.556
7575807563447520519,,,,,0,No clear misuse evidence,,,,,not_run_for_this_video,,,,0,0,,,,,no_current_flag,0,0.556
7575906639115472146,,,,,0,No clear misuse evidence,,,,,not_run_for_this_video,,,,0,0,,,,,no_current_flag,0,0.556
7576084955353107725,,,,,0,No clear misuse evidence,,,,,not_run_for_this_video,,,,0,0,,,,,no_current_flag,0,0.556
7576223664606088461,,,,,0,No clear misuse evidence,,,,,not_run_for_this_video,,,,0,0,,,,,no_current_flag,0,0.556
7576268255849925910,,,,,0,No clear misuse evidence,,,,,not_run_for_this_video,,,,0,0,,,,,no_current_flag,0,0.556
7576271311534624021,,,,,0,No clear misuse evidence,,,,,not_run_for_this_video,,,,0,0,,,,,no_current_flag,0,0.556
7576357482847538444,,,,,0,No clear misuse evidence,,,,,not_run_for_this_video,,,,0,0,,,,,no_current_flag,0,0.556
7576736339257740558,,,,,0,No clear misuse evidence,,,,,not_run_for_this_video,,,,0,0,,,,,no_current_flag,0,0.556
7576904350132391179,,,,,0,No clear misuse evidence,,,,,not_run_for_this_video,,,,0,0,,,,,no_current_flag,0,0.556
7577051732514032914,,,,,0,No clear misuse evidence,,,,,not_run_for_this_video,,,,0,0,,,,,no_current_flag,0,0.556
7577124883117673783,,,,,0,No clear misuse evidence,,,,,not_run_for_this_video,,,,0,0,,,,,no_current_flag,0,0.556
7577127463516523790,,,,,0,No clear misuse evidence,,,,,not_run_for_this_video,,,,0,0,,,,,no_current_flag,0,0.556
7577597321140129037,,,,,0,No clear misuse evidence,,,,,not_run_for_this_video,,,,0,0,,,,,no_current_flag,0,0.556
7577818313883929867,,,,,0,No clear misuse evidence,,,,,not_run_for_this_video,,,,0,0,,,,,no_current_flag,0,0.556
7577909581301501206,,,,,0,No clear misuse evidence,,,,,not_run_for_this_video,,,,0,0,,,,,no_current_flag,0,0.556
7577973627962920222,,Heroin,Heroin,0.88,0,No clear misuse evidence,,,,,not_run_for_this_video,,,,10,0,,,,,needs_human_validation,8,0.778
7578113278308666635,,,,,0,No clear misuse evidence,,,,,not_run_for_this_video,,,,0,0,,,,,no_current_flag,0,0.556
7578178358891056414,,Crack Cocaine,Smoke,0.62,0,No clear misuse evidence,,,,,not_run_for_this_video,,,,10,0,,,,,needs_human_validation,12,0.778
7578257914909986061,,LSD,acid,0.82,0,No clear misuse evidence,,,,,not_run_for_this_video,,,,5,0,,,,,needs_human_validation,6,0.778
7578278605092883742,,,,,0,No clear misuse evidence,,,,,not_run_for_this_video,,,,0,0,,,,,no_current_flag,0,0.556
7578533380510272800,,,,,0,No clear misuse evidence,,,,,not_run_for_this_video,,,,0,0,,,,,no_current_flag,0,0.556
7578581711458503947,,,,,0,No clear misuse evidence,,,,,not_run_for_this_video,,,,0,0,,,,,no_current_flag,0,0.556
7578680843753770270,,Fentanyl,Fentanyl,0.88,0,No clear misuse evidence,,,,,not_run_for_this_video,,,,10,0,,,,,needs_human_validation,8,0.778
7578790156711365919,,GHB,Gamma-Hydroxybutyrate,0.88,0,No clear misuse evidence,,,,,not_run_for_this_video,,,,10,0,,,,,needs_human_validation,8,0.778
7578838283585588511,,,,,0,No clear misuse evidence,,,,,not_run_for_this_video,,,,0,0,,,,,no_current_flag,0,0.556
7578888937377123640,,,,,0,No clear misuse evidence,,,,,not_run_for_this_video,,,,0,0,,,,,no_current_flag,0,0.556
7578978479388101943,,,,,0,No clear misuse evidence,,,,,not_run_for_this_video,,,,0,0,,,,,no_current_flag,0,0.556
7579100700261518622,,Synthetic Cathinones,Meow-Meow,0.88,0,No clear misuse evidence,,,,,not_run_for_this_video,,,,13,0,,,,,needs_human_validation,10,0.778
7579291595221028127,,Opium,Gum,0.62,0,No clear misuse evidence,,,,,not_run_for_this_video,,,,5,0,,,,,needs_human_validation,6,0.778
7579329078931508491,,,,,0,No clear misuse evidence,,,,,not_run_for_this_video,,,,0,0,,,,,no_current_flag,0,0.556
7579338761834728726,,,,,0,No clear misuse evidence,,,,,not_run_for_this_video,,,,0,0,,,,,no_current_flag,0,0.556
7579648697236016406,,,,,0,No clear misuse evidence,,,,,not_run_for_this_video,,,,0,0,,,,,no_current_flag,0,0.556
7579698855025937678,,,,,0,No clear misuse evidence,,,,,not_run_for_this_video,,,,0,0,,,,,no_current_flag,0,0.556
7579803388347485462,,,,,0,No clear misuse evidence,,,,,not_run_for_this_video,,,,0,0,,,,,no_current_flag,0,0.556
7579929216007802130,,,,,0,No clear misuse evidence,,,,,not_run_for_this_video,,,,0,0,,,,,no_current_flag,0,0.556
7579954594156154130,,,,,0,No clear misuse evidence,,,,,not_run_for_this_video,,,,0,0,,,,,no_current_flag,0,0.556
7580176629050215694,,,,,0,No clear misuse evidence,,,,,not_run_for_this_video,,,,0,0,,,,,no_current_flag,0,0.556
7580194881667173646,,,,,0,No clear misuse evidence,,,,,not_run_for_this_video,,,,0,0,,,,,no_current_flag,0,0.556
7580275275888430357,,,,,0,No clear misuse evidence,,,,,not_run_for_this_video,,,,0,0,,,,,no_current_flag,0,0.556
7580337032539475202,,,,,0,No clear misuse evidence,,,,,not_run_for_this_video,,,,0,0,,,,,no_current_flag,0,0.556
7580358673554361613,,,,,0,No clear misuse evidence,,,,,not_run_for_this_video,,,,0,0,,,,,no_current_flag,0,0.556
7580370988773149972,,,,,0,No clear misuse evidence,,,,,not_run_for_this_video,,,,0,0,,,,,no_current_flag,0,0.556
7580407899533397278,,,,,0,No clear misuse evidence,,,,,not_run_for_this_video,,,,0,0,,,,,no_current_flag,0,0.556
7580461908612910344,,,,,0,No clear misuse evidence,,,,,not_run_for_this_video,,,,0,0,,,,,no_current_flag,0,0.556
7580471661128977694,,,,,0,No clear misuse evidence,,,,,not_run_for_this_video,,,,0,0,,,,,no_current_flag,0,0.556
7580476761482317078,,,,,0,No clear misuse evidence,,,,,not_run_for_this_video,,,,0,0,,,,,no_current_flag,0,0.556
7580565233807166751,,,,,0,No clear misuse evidence,,,,,not_run_for_this_video,,,,0,0,,,,,no_current_flag,0,0.556
7580606043114327327,,,,,0,No clear misuse evidence,,,,,not_run_for_this_video,,,,0,0,,,,,no_current_flag,0,0.556
7580663008263687446,,,,,0,No clear misuse evidence,,,,,not_run_for_this_video,,,,0,0,,,,,no_current_flag,0,0.556
7580669595841875230,,,,,0,No clear misuse evidence,,,,,not_run_for_this_video,,,,0,0,,,,,no_current_flag,0,0.556
7580789385872903446,,,,,0,No clear misuse evidence,,,,,not_run_for_this_video,,,,0,0,,,,,no_current_flag,0,0.556
7580816204718279967,,,,,0,No clear misuse evidence,,,,,not_run_for_this_video,,,,0,0,,,,,no_current_flag,0,0.556
7580846594912816415,,,,,0,No clear misuse evidence,,,,,not_run_for_this_video,,,,0,0,,,,,no_current_flag,0,0.556
7581280896850922782,,,,,0,No clear misuse evidence,,,,,not_run_for_this_video,,,,0,0,,,,,no_current_flag,0,0.556
7581293520871361814,,,,,0,No clear misuse evidence,,,,,not_run_for_this_video,,,,0,0,,,,,no_current_flag,0,0.556
7581441966446071060,,,,,0,No clear misuse evidence,,,,,not_run_for_this_video,,,,0,0,,,,,no_current_flag,0,0.556
7581558114449689869,,,,,0,No clear misuse evidence,,,,,not_run_for_this_video,,,,0,0,,,,,no_current_flag,0,0.556
7581959764041534775,,,,,0,No clear misuse evidence,,,,,not_run_for_this_video,,,,0,0,,,,,no_current_flag,0,0.556
7582006686358031646,,Fentanyl,Fentanyl,0.88,1,Weak / ambiguous drug reference,,,,,not_run_for_this_video,,,,10,0,,,,,needs_human_validation,8,0.778
7582171916455251218,,,,,0,No clear misuse evidence,,,,,not_run_for_this_video,,,,0,0,,,,,no_current_flag,0,0.556
7582199366325161224,,,,,0,No clear misuse evidence,,,,,not_run_for_this_video,,,,0,0,,,,,no_current_flag,0,0.556
7582258389229784323,,,,,0,No clear misuse evidence,,,,,not_run_for_this_video,,,,0,0,,,,,no_current_flag,0,0.556
7582352092321369357,,,,,0,No clear misuse evidence,,,,,not_run_for_this_video,,,,0,0,,,,,no_current_flag,0,0.556
7582394758752914696,,,,,0,No clear misuse evidence,,,,,not_run_for_this_video,,,,0,0,,,,,no_current_flag,0,0.556
7582460462353222932,,,,,0,No clear misuse evidence,,,,,not_run_for_this_video,,,,0,0,,,,,no_current_flag,0,0.556
7582500261730536717,,,,,0,No clear misuse evidence,,,,,not_run_for_this_video,,,,0,0,,,,,no_current_flag,0,0.556
7582509614533561655,,,,,0,No clear misuse evidence,,,,,not_run_for_this_video,,,,0,0,,,,,no_current_flag,0,0.556
7582536753311927574,,,,,0,No clear misuse evidence,,,,,not_run_for_this_video,,,,0,0,,,,,no_current_flag,0,0.556
7582714895439858957,,,,,0,No clear misuse evidence,,,,,not_run_for_this_video,,,,0,0,,,,,no_current_flag,0,0.556
7582717091908767006,,LSD,acid,0.82,0,No clear misuse evidence,,,,,not_run_for_this_video,,,,10,0,,,,,needs_human_validation,12,0.778
7582739682321009951,,,,,0,No clear misuse evidence,,,,,not_run_for_this_video,,,,0,0,,,,,no_current_flag,0,0.556
7582742519939665182,,,,,0,No clear misuse evidence,,,,,not_run_for_this_video,,,,0,0,,,,,no_current_flag,0,0.556
7582844768397446455,,LSD,acid,0.82,0,No clear misuse evidence,,,,,not_run_for_this_video,,,,5,0,,,,,needs_human_validation,6,0.778
7582976423430720799,,,,,0,No clear misuse evidence,,,,,not_run_for_this_video,,,,0,0,,,,,no_current_flag,0,0.556
7583102408054590727,,,,,0,No clear misuse evidence,,,,,not_run_for_this_video,,,,0,0,,,,,no_current_flag,0,0.556
7583141468223606072,,,,,0,No clear misuse evidence,,,,,not_run_for_this_video,,,,0,0,,,,,no_current_flag,0,0.556
7583210952661765387,,,,,0,No clear misuse evidence,,,,,not_run_for_this_video,,,,0,0,,,,,no_current_flag,0,0.556
7583344842571271479,,,,,0,No clear misuse evidence,,,,,not_run_for_this_video,,,,0,0,,,,,no_current_flag,0,0.556
7583373685206109462,,,,,0,No clear misuse evidence,,,,,not_run_for_this_video,,,,0,0,,,,,no_current_flag,0,0.556
7583469779663457566,,,,,0,No clear misuse evidence,,,,,not_run_for_this_video,,,,0,0,,,,,no_current_flag,0,0.556
7583539680126225677,,,,,0,No clear misuse evidence,,,,,not_run_for_this_video,,,,0,0,,,,,no_current_flag,0,0.556
7583596402362617143,,,,,0,No clear misuse evidence,,,,,not_run_for_this_video,,,,0,0,,,,,no_current_flag,0,0.556
7583701271568256277,,,,,0,No clear misuse evidence,,,,,not_run_for_this_video,,,,0,0,,,,,no_current_flag,0,0.556
7583814320212036894,,,,,0,No clear misuse evidence,,,,,not_run_for_this_video,,,,0,0,,,,,no_current_flag,0,0.556
7583855215665745207,,,,,0,No clear misuse evidence,,,,,not_run_for_this_video,,,,0,0,,,,,no_current_flag,0,0.556
7583920262480006431,,,,,0,No clear misuse evidence,,,,,not_run_for_this_video,,,,0,0,,,,,no_current_flag,0,0.556
7583976489775861013,,,,,0,No clear misuse evidence,,,,,not_run_for_this_video,,,,0,0,,,,,no_current_flag,0,0.556
7583976570403048725,,,,,0,No clear misuse evidence,,,,,not_run_for_this_video,,,,0,0,,,,,no_current_flag,0,0.556
7584024894187343134,,,,,0,No clear misuse evidence,,,,,not_run_for_this_video,,,,0,0,,,,,no_current_flag,0,0.556
7584058994159783189,,,,,0,No clear misuse evidence,,,,,not_run_for_this_video,,,,0,0,,,,,no_current_flag,0,0.556
7584121276432698655,,,,,0,No clear misuse evidence,,,,,not_run_for_this_video,,,,0,0,,,,,no_current_flag,0,0.556
7584189472103845150,,,,,0,No clear misuse evidence,,,,,not_run_for_this_video,,,,0,0,,,,,no_current_flag,0,0.556
7584211964285455671,,,,,0,No clear misuse evidence,,,,,not_run_for_this_video,,,,0,0,,,,,no_current_flag,0,0.556
7584212120150002965,,,,,0,No clear misuse evidence,,,,,not_run_for_this_video,,,,0,0,,,,,no_current_flag,0,0.556
7584237213513190679,,,,,0,No clear misuse evidence,,,,,not_run_for_this_video,,,,0,0,,,,,no_current_flag,0,0.556
7584407054878559510,,,,,0,No clear misuse evidence,,,,,not_run_for_this_video,,,,0,0,,,,,no_current_flag,0,0.556
7584416156686060820,,,,,0,No clear misuse evidence,,,,,not_run_for_this_video,,,,0,0,,,,,no_current_flag,0,0.556
7584477215400742162,,,,,0,No clear misuse evidence,,,,,not_run_for_this_video,,,,0,0,,,,,no_current_flag,0,0.556
7584514372379118862,,,,,0,No clear misuse evidence,,,,,not_run_for_this_video,,,,0,0,,,,,no_current_flag,0,0.556
7584530641539124502,,,,,0,No clear misuse evidence,,,,,not_run_for_this_video,,,,0,0,,,,,no_current_flag,0,0.556
7584605970664295693,,,,,0,No clear misuse evidence,,,,,not_run_for_this_video,,,,0,0,,,,,no_current_flag,0,0.556
7584717798115609858,,,,,0,No clear misuse evidence,,,,,not_run_for_this_video,,,,0,0,,,,,no_current_flag,0,0.556
7584851521041337613,,,,,0,No clear misuse evidence,,,,,not_run_for_this_video,,,,0,0,,,,,no_current_flag,0,0.556
7584859498116959518,,,,,0,No clear misuse evidence,,,,,not_run_for_this_video,,,,0,0,,,,,no_current_flag,0,0.556
7584886324755320077,,,,,0,No clear misuse evidence,,,,,not_run_for_this_video,,,,0,0,,,,,no_current_flag,0,0.556
7584991438782369079,,,,,0,No clear misuse evidence,,,,,not_run_for_this_video,,,,0,0,,,,,no_current_flag,0,0.556
7585031185319939383,,,,,0,No clear misuse evidence,,,,,not_run_for_this_video,,,,0,0,,,,,no_current_flag,0,0.556
7585197884165950740,,,,,0,No clear misuse evidence,,,,,not_run_for_this_video,,,,0,0,,,,,no_current_flag,0,0.556
7585235728242593038,,,,,0,No clear misuse evidence,,,,,not_run_for_this_video,,,,0,0,,,,,no_current_flag,0,0.556
7585245009952230678,,,,,0,No clear misuse evidence,,,,,not_run_for_this_video,,,,0,0,,,,,no_current_flag,0,0.556
7585277465740807454,,,,,0,No clear misuse evidence,,,,,not_run_for_this_video,,,,0,0,,,,,no_current_flag,0,0.556
7585300468084133138,,,,,0,No clear misuse evidence,,,,,not_run_for_this_video,,,,0,0,,,,,no_current_flag,0,0.556
7585306133280083220,,,,,0,No clear misuse evidence,,,,,not_run_for_this_video,,,,0,0,,,,,no_current_flag,0,0.556
7585379396127591702,,,,,0,No clear misuse evidence,,,,,not_run_for_this_video,,,,0,0,,,,,no_current_flag,0,0.556
7585521782417853714,,,,,0,No clear misuse evidence,,,,,not_run_for_this_video,,,,0,0,,,,,no_current_flag,0,0.556
7585553192646216982,,,,,0,No clear misuse evidence,,,,,not_run_for_this_video,,,,0,0,,,,,no_current_flag,0,0.556
7585577678875479310,,,,,0,No clear misuse evidence,,,,,not_run_for_this_video,,,,0,0,,,,,no_current_flag,0,0.556
7585630864386641182,,Crack Cocaine,Hard,0.62,0,No clear misuse evidence,,,,,not_run_for_this_video,,,,5,0,,,,,needs_human_validation,6,0.778
7585646455008824606,,,,,0,No clear misuse evidence,,,,,not_run_for_this_video,,,,0,0,,,,,no_current_flag,0,0.556
7585656920250338591,,,,,0,No clear misuse evidence,,,,,not_run_for_this_video,,,,0,0,,,,,no_current_flag,0,0.556
7585671025937927432,,,,,0,No clear misuse evidence,,,,,not_run_for_this_video,,,,0,0,,,,,no_current_flag,0,0.556
7585868449096764686,,,,,0,No clear misuse evidence,,,,,not_run_for_this_video,,,,0,0,,,,,no_current_flag,0,0.556
7585935598393888014,,,,,0,No clear misuse evidence,,,,,not_run_for_this_video,,,,0,0,,,,,no_current_flag,0,0.556
7585994243198471437,,,,,0,No clear misuse evidence,,,,,not_run_for_this_video,,,,0,0,,,,,no_current_flag,0,0.556
7586003962034179359,,,,,0,No clear misuse evidence,,,,,not_run_for_this_video,,,,0,0,,,,,no_current_flag,0,0.556
7586078500960898318,,,,,0,No clear misuse evidence,,,,,not_run_for_this_video,,,,0,0,,,,,no_current_flag,0,0.556
7586242148974988567,,,,,0,No clear misuse evidence,,,,,not_run_for_this_video,,,,0,0,,,,,no_current_flag,0,0.556
7586370257338584334,,Heroin,China White,0.88,0,No clear misuse evidence,,,,,not_run_for_this_video,,,,10,0,,,,,needs_human_validation,10,0.778
7586651492447227157,,,,,0,No clear misuse evidence,,,,,not_run_for_this_video,,,,0,0,,,,,no_current_flag,0,0.556
7586652105096596756,,,,,0,No clear misuse evidence,,,,,not_run_for_this_video,,,,0,0,,,,,no_current_flag,0,0.556
7586669203311136022,,,,,0,No clear misuse evidence,,,,,not_run_for_this_video,,,,0,0,,,,,no_current_flag,0,0.556
7586731309905612062,,,,,0,No clear misuse evidence,,,,,not_run_for_this_video,,,,0,0,,,,,no_current_flag,0,0.556
7586746740183715103,,,,,0,No clear misuse evidence,,,,,not_run_for_this_video,,,,0,0,,,,,no_current_flag,0,0.556
7586927759318879543,,LSD,acid,0.82,0,No clear misuse evidence,,,,,not_run_for_this_video,,,,5,0,,,,,needs_human_validation,6,0.778
7586945721631296779,,,,,0,No clear misuse evidence,,,,,not_run_for_this_video,,,,0,0,,,,,no_current_flag,0,0.556
7587034627705982222,,,,,0,No clear misuse evidence,,,,,not_run_for_this_video,,,,0,0,,,,,no_current_flag,0,0.556
7587117567613996308,,Fentanyl,Fentanyl,0.88,0,No clear misuse evidence,,,,,not_run_for_this_video,,,,23,0,,,,,needs_human_validation,20,0.778
7587156160101289238,,,,,0,No clear misuse evidence,,,,,not_run_for_this_video,,,,0,0,,,,,no_current_flag,0,0.556
7587529535831248159,,,,,0,No clear misuse evidence,,,,,not_run_for_this_video,,,,0,0,,,,,no_current_flag,0,0.556
7587597465394613525,,,,,0,No clear misuse evidence,,,,,not_run_for_this_video,,,,0,0,,,,,no_current_flag,0,0.556
7587641608330366215,,,,,0,No clear misuse evidence,,,,,not_run_for_this_video,,,,0,0,,,,,no_current_flag,0,0.556
7587820889689918741,,,,,0,No clear misuse evidence,,,,,not_run_for_this_video,,,,0,0,,,,,no_current_flag,0,0.556
7587834730213625143,,,,,0,No clear misuse evidence,,,,,not_run_for_this_video,,,,0,0,,,,,no_current_flag,0,0.556
7587858087734725919,,,,,0,No clear misuse evidence,,,,,not_run_for_this_video,,,,0,0,,,,,no_current_flag,0,0.556
7587929942063582519,,,,,0,No clear misuse evidence,,,,,not_run_for_this_video,,,,0,0,,,,,no_current_flag,0,0.556
7588058434642201870,,,,,0,No clear misuse evidence,,,,,not_run_for_this_video,,,,0,0,,,,,no_current_flag,0,0.556
7588126350716816662,,,,,0,No clear misuse evidence,,,,,not_run_for_this_video,,,,0,0,,,,,no_current_flag,0,0.556
7588301711421213965,,,,,0,No clear misuse evidence,,,,,not_run_for_this_video,,,,0,0,,,,,no_current_flag,0,0.556
7588319376110112008,,,,,0,No clear misuse evidence,,,,,not_run_for_this_video,,,,0,0,,,,,no_current_flag,0,0.556
7588380276791840013,,,,,0,No clear misuse evidence,,,,,not_run_for_this_video,,,,0,0,,,,,no_current_flag,0,0.556
7588382086533238046,,,,,0,No clear misuse evidence,,,,,not_run_for_this_video,,,,0,0,,,,,no_current_flag,0,0.556
7588467310797540619,,,,,0,No clear misuse evidence,,,,,not_run_for_this_video,,,,0,0,,,,,no_current_flag,0,0.556
7588477076215287071,,,,,0,No clear misuse evidence,,,,,not_run_for_this_video,,,,0,0,,,,,no_current_flag,0,0.556
7588634440478264631,,,,,0,No clear misuse evidence,,,,,not_run_for_this_video,,,,0,0,,,,,no_current_flag,0,0.556
7588766889426341140,,,,,0,No clear misuse evidence,,,,,not_run_for_this_video,,,,0,0,,,,,no_current_flag,0,0.556
7588776975276248375,,Methadone,Methadone,0.88,0,No clear misuse evidence,,,,,not_run_for_this_video,,,,10,0,,,,,needs_human_validation,8,0.778
7588778786011860255,,,,,0,No clear misuse evidence,,,,,not_run_for_this_video,,,,0,0,,,,,no_current_flag,0,0.556
7588811696198798612,,,,,0,No clear misuse evidence,,,,,not_run_for_this_video,,,,0,0,,,,,no_current_flag,0,0.556
7588969548674551054,,,,,0,No clear misuse evidence,,,,,not_run_for_this_video,,,,0,0,,,,,no_current_flag,0,0.556
7588980353168067862,,,,,0,No clear misuse evidence,,,,,not_run_for_this_video,,,,0,0,,,,,no_current_flag,0,0.556
7588992069096492318,,,,,0,No clear misuse evidence,,,,,not_run_for_this_video,,,,0,0,,,,,no_current_flag,0,0.556
7589096006231493906,,,,,0,No clear misuse evidence,,,,,not_run_for_this_video,,,,0,0,,,,,no_current_flag,0,0.556
7589129302893972756,,,,,0,No clear misuse evidence,,,,,not_run_for_this_video,,,,0,0,,,,,no_current_flag,0,0.556
7589154250417098004,,,,,0,No clear misuse evidence,,,,,not_run_for_this_video,,,,0,0,,,,,no_current_flag,0,0.556
7589308853515242763,,,,,0,No clear misuse evidence,,,,,not_run_for_this_video,,,,0,0,,,,,no_current_flag,0,0.556
7589339519288167711,,,,,0,No clear misuse evidence,,,,,not_run_for_this_video,,,,0,0,,,,,no_current_flag,0,0.556
7589341478468488462,,,,,0,No clear misuse evidence,,,,,not_run_for_this_video,,,,0,0,,,,,no_current_flag,0,0.556
7589382078504979734,,,,,0,No clear misuse evidence,,,,,not_run_for_this_video,,,,0,0,,,,,no_current_flag,0,0.556
7589834417988717854,,Heroin,Heroin,0.88,0,No clear misuse evidence,,,,,not_run_for_this_video,,,,15,0,,,,,needs_human_validation,12,0.778
7589868384750161182,,,,,0,No clear misuse evidence,,,,,not_run_for_this_video,,,,0,0,,,,,no_current_flag,0,0.556
7589881561596792087,,,,,0,No clear misuse evidence,,,,,not_run_for_this_video,,,,0,0,,,,,no_current_flag,0,0.556
7589904916613811470,,,,,0,No clear misuse evidence,,,,,not_run_for_this_video,,,,0,0,,,,,no_current_flag,0,0.556
7589943737661328652,,Cannabis (THC),za,0.82,0,No clear misuse evidence,,,,,not_run_for_this_video,,,,3,0,,,,,needs_human_validation,4,0.778
7589968007816809748,,,,,0,No clear misuse evidence,,,,,not_run_for_this_video,,,,0,0,,,,,no_current_flag,0,0.556
7590021704513080596,,,,,0,No clear misuse evidence,,,,,not_run_for_this_video,,,,0,0,,,,,no_current_flag,0,0.556
7590045310244752661,,,,,0,No clear misuse evidence,,,,,not_run_for_this_video,,,,0,0,,,,,no_current_flag,0,0.556
7590151773608807701,,,,,0,No clear misuse evidence,,,,,not_run_for_this_video,,,,0,0,,,,,no_current_flag,0,0.556
7590217693073100063,,Ketamine,Ketamine,0.88,0,No clear misuse evidence,,,,,not_run_for_this_video,,,,5,0,,,,,needs_human_validation,4,0.778
7590354556878441749,,,,,0,No clear misuse evidence,,,,,not_run_for_this_video,,,,0,0,,,,,no_current_flag,0,0.556
7590445417817459999,,,,,0,No clear misuse evidence,,,,,not_run_for_this_video,,,,0,0,,,,,no_current_flag,0,0.556
7590464299114450189,,,,,0,No clear misuse evidence,,,,,not_run_for_this_video,,,,0,0,,,,,no_current_flag,0,0.556
7590469945599773965,,,,,0,No clear misuse evidence,,,,,not_run_for_this_video,,,,0,0,,,,,no_current_flag,0,0.556
7590785141178371359,,,,,0,No clear misuse evidence,,,,,not_run_for_this_video,,,,0,0,,,,,no_current_flag,0,0.556
7590817863863160082,,,,,0,No clear misuse evidence,,,,,not_run_for_this_video,,,,0,0,,,,,no_current_flag,0,0.556
7590818780280900872,,,,,0,No clear misuse evidence,,,,,not_run_for_this_video,,,,0,0,,,,,no_current_flag,0,0.556
7590820577451986198,,,,,0,No clear misuse evidence,,,,,not_run_for_this_video,,,,0,0,,,,,no_current_flag,0,0.556
7590824237934431501,,,,,0,No clear misuse evidence,,,,,not_run_for_this_video,,,,0,0,,,,,no_current_flag,0,0.556
7591040956565146893,,,,,0,No clear misuse evidence,,,,,not_run_for_this_video,,,,0,0,,,,,no_current_flag,0,0.556
7591160567688219925,,,,,0,No clear misuse evidence,,,,,not_run_for_this_video,,,,0,0,,,,,no_current_flag,0,0.556
7591220463959903519,,,,,0,No clear misuse evidence,,,,,not_run_for_this_video,,,,0,0,,,,,no_current_flag,0,0.556
7591225219721940227,,,,,0,No clear misuse evidence,,,,,not_run_for_this_video,,,,0,0,,,,,no_current_flag,0,0.556
7591234391829957902,,,,,0,No clear misuse evidence,,,,,not_run_for_this_video,,,,0,0,,,,,no_current_flag,0,0.556
7591305661007334711,,,,,0,No clear misuse evidence,,,,,not_run_for_this_video,,,,0,0,,,,,no_current_flag,0,0.556
7591362269460696340,,,,,0,No clear misuse evidence,,,,,not_run_for_this_video,,,,0,0,,,,,no_current_flag,0,0.556
7591383669806353678,,,,,0,No clear misuse evidence,,,,,not_run_for_this_video,,,,0,0,,,,,no_current_flag,0,0.556
7591387035949092117,,,,,0,No clear misuse evidence,,,,,not_run_for_this_video,,,,0,0,,,,,no_current_flag,0,0.556
7591429147394723092,,,,,0,No clear misuse evidence,,,,,not_run_for_this_video,,,,0,0,,,,,no_current_flag,0,0.556
7591566968986029320,,,,,0,No clear misuse evidence,,,,,not_run_for_this_video,,,,0,0,,,,,no_current_flag,0,0.556
7591582910461873421,,,,,0,No clear misuse evidence,,,,,not_run_for_this_video,,,,0,0,,,,,no_current_flag,0,0.556
7591676143804157206,,,,,0,No clear misuse evidence,,,,,not_run_for_this_video,,,,0,0,,,,,no_current_flag,0,0.556
7591695668331187478,,,,,0,No clear misuse evidence,,,,,not_run_for_this_video,,,,0,0,,,,,no_current_flag,0,0.556
7591703125493370134,,,,,0,No clear misuse evidence,,,,,not_run_for_this_video,,,,0,0,,,,,no_current_flag,0,0.556
7591762594860469524,,,,,0,No clear misuse evidence,,,,,not_run_for_this_video,,,,0,0,,,,,no_current_flag,0,0.556
7591787685983964437,,,,,0,No clear misuse evidence,,,,,not_run_for_this_video,,,,0,0,,,,,no_current_flag,0,0.556
7591788712434896149,,,,,0,No clear misuse evidence,,,,,not_run_for_this_video,,,,0,0,,,,,no_current_flag,0,0.556
7591876792701472020,,,,,0,No clear misuse evidence,,,,,not_run_for_this_video,,,,0,0,,,,,no_current_flag,0,0.556
7591911436763286797,,,,,0,No clear misuse evidence,,,,,not_run_for_this_video,,,,0,0,,,,,no_current_flag,0,0.556
7591973942546517270,,Cocaine,coke,0.82,0,No clear misuse evidence,,,,,not_run_for_this_video,,,,5,0,,,,,needs_human_validation,6,0.778
7592100554520775991,,,,,0,No clear misuse evidence,,,,,not_run_for_this_video,,,,0,0,,,,,no_current_flag,0,0.556
7592149284770827527,,,,,0,No clear misuse evidence,,,,,not_run_for_this_video,,,,0,0,,,,,no_current_flag,0,0.556
7592245888047664398,,,,,0,No clear misuse evidence,,,,,not_run_for_this_video,,,,0,0,,,,,no_current_flag,0,0.556
7592252269349883156,,,,,0,No clear misuse evidence,,,,,not_run_for_this_video,,,,0,0,,,,,no_current_flag,0,0.556
7592320856525688078,,,,,0,No clear misuse evidence,,,,,not_run_for_this_video,,,,0,0,,,,,no_current_flag,0,0.556
7592352411205897485,,,,,0,No clear misuse evidence,,,,,not_run_for_this_video,,,,0,0,,,,,no_current_flag,0,0.556
7592375044316073246,,,,,0,No clear misuse evidence,,,,,not_run_for_this_video,,,,0,0,,,,,no_current_flag,0,0.556
7592389561167154445,,,,,0,No clear misuse evidence,,,,,not_run_for_this_video,,,,0,0,,,,,no_current_flag,0,0.556
7592394044760657174,,Ketamine,Ketamine,0.88,0,No clear misuse evidence,,,,,not_run_for_this_video,,,,10,0,,,,,needs_human_validation,10,0.778
7592446372868001038,,,,,0,No clear misuse evidence,,,,,not_run_for_this_video,,,,0,0,,,,,no_current_flag,0,0.556
7592507947704519944,,,,,0,No clear misuse evidence,,,,,not_run_for_this_video,,,,0,0,,,,,no_current_flag,0,0.556
7592549700096593165,,,,,0,No clear misuse evidence,,,,,not_run_for_this_video,,,,0,0,,,,,no_current_flag,0,0.556
7592554030728252728,,,,,0,No clear misuse evidence,,,,,not_run_for_this_video,,,,0,0,,,,,no_current_flag,0,0.556
7592648431462550815,,,,,0,No clear misuse evidence,,,,,not_run_for_this_video,,,,0,0,,,,,no_current_flag,0,0.556
7592775848923581709,,,,,0,No clear misuse evidence,,,,,not_run_for_this_video,,,,0,0,,,,,no_current_flag,0,0.556
7592844373428145416,,,,,0,No clear misuse evidence,,,,,not_run_for_this_video,,,,0,0,,,,,no_current_flag,0,0.556
7592875812395699472,,,,,0,No clear misuse evidence,,,,,not_run_for_this_video,,,,0,0,,,,,no_current_flag,0,0.556
7592998169106058514,,,,,0,No clear misuse evidence,,,,,not_run_for_this_video,,,,0,0,,,,,no_current_flag,0,0.556
7593014089685781791,,,,,0,No clear misuse evidence,,,,,not_run_for_this_video,,,,0,0,,,,,no_current_flag,0,0.556
7593016534939733261,,,,,0,No clear misuse evidence,,,,,not_run_for_this_video,,,,0,0,,,,,no_current_flag,0,0.556
7593064951908994335,,,,,0,No clear misuse evidence,,,,,not_run_for_this_video,,,,0,0,,,,,no_current_flag,0,0.556
7593070574272777503,,,,,0,No clear misuse evidence,,,,,not_run_for_this_video,,,,0,0,,,,,no_current_flag,0,0.556
7593132490370419990,,,,,0,No clear misuse evidence,,,,,not_run_for_this_video,,,,0,0,,,,,no_current_flag,0,0.556
7593151471827389751,,,,,0,No clear misuse evidence,,,,,not_run_for_this_video,,,,0,0,,,,,no_current_flag,0,0.556
7593289824707071245,,,,,0,No clear misuse evidence,,,,,not_run_for_this_video,,,,0,0,,,,,no_current_flag,0,0.556
7593379895925886226,,,,,0,No clear misuse evidence,,,,,not_run_for_this_video,,,,0,0,,,,,no_current_flag,0,0.556
7593415013423975702,,,,,0,No clear misuse evidence,,,,,not_run_for_this_video,,,,0,0,,,,,no_current_flag,0,0.556
7593427195763182868,,Cannabis (THC),za,0.82,0,No clear misuse evidence,,,,,not_run_for_this_video,,,,3,0,,,,,needs_human_validation,4,0.778
7593450050789920022,,,,,0,No clear misuse evidence,,,,,not_run_for_this_video,,,,0,0,,,,,no_current_flag,0,0.556
7593522715160612116,,,,,0,No clear misuse evidence,,,,,not_run_for_this_video,,,,0,0,,,,,no_current_flag,0,0.556
7593572951438429471,,,,,0,No clear misuse evidence,,,,,not_run_for_this_video,,,,0,0,,,,,no_current_flag,0,0.556
7593636805958716694,,,,,0,No clear misuse evidence,,,,,not_run_for_this_video,,,,0,0,,,,,no_current_flag,0,0.556
7593789594462637343,,,,,0,No clear misuse evidence,,,,,not_run_for_this_video,,,,0,0,,,,,no_current_flag,0,0.556
7593805674258205983,,,,,0,No clear misuse evidence,,,,,not_run_for_this_video,,,,0,0,,,,,no_current_flag,0,0.556
7593896811845274935,,,,,0,No clear misuse evidence,,,,,not_run_for_this_video,,,,0,0,,,,,no_current_flag,0,0.556
7593930483386420487,,,,,0,No clear misuse evidence,,,,,not_run_for_this_video,,,,0,0,,,,,no_current_flag,0,0.556
7593935019857530133,,,,,0,No clear misuse evidence,,,,,not_run_for_this_video,,,,0,0,,,,,no_current_flag,0,0.556
7593990579105664264,,,,,0,No clear misuse evidence,,,,,not_run_for_this_video,,,,0,0,,,,,no_current_flag,0,0.556
7594067958155037972,,,,,0,No clear misuse evidence,,,,,not_run_for_this_video,,,,0,0,,,,,no_current_flag,0,0.556
7594107892429622550,,,,,0,No clear misuse evidence,,,,,not_run_for_this_video,,,,0,0,,,,,no_current_flag,0,0.556
7594111678296395030,,,,,0,No clear misuse evidence,,,,,not_run_for_this_video,,,,0,0,,,,,no_current_flag,0,0.556
7594116965833215245,,,,,0,No clear misuse evidence,,,,,not_run_for_this_video,,,,0,0,,,,,no_current_flag,0,0.556
7594339367133515028,,,,,0,No clear misuse evidence,,,,,not_run_for_this_video,,,,0,0,,,,,no_current_flag,0,0.556
7594409084724595990,,,,,0,No clear misuse evidence,,,,,not_run_for_this_video,,,,0,0,,,,,no_current_flag,0,0.556
7594460206684212500,,,,,0,No clear misuse evidence,,,,,not_run_for_this_video,,,,0,0,,,,,no_current_flag,0,0.556
7594506409169980703,,,,,0,No clear misuse evidence,,,,,not_run_for_this_video,,,,0,0,,,,,no_current_flag,0,0.556
7594507552193350934,,,,,0,No clear misuse evidence,,,,,not_run_for_this_video,,,,0,0,,,,,no_current_flag,0,0.556
7594514094326123790,,,,,0,No clear misuse evidence,,,,,not_run_for_this_video,,,,0,0,,,,,no_current_flag,0,0.556
7594531631172488470,,,,,0,No clear misuse evidence,,,,,not_run_for_this_video,,,,0,0,,,,,no_current_flag,0,0.556
7594547772368489741,,,,,0,No clear misuse evidence,,,,,not_run_for_this_video,,,,0,0,,,,,no_current_flag,0,0.556
7594554095155940622,,,,,0,No clear misuse evidence,,,,,not_run_for_this_video,,,,0,0,,,,,no_current_flag,0,0.556
7594593895216909589,,,,,0,No clear misuse evidence,,,,,not_run_for_this_video,,,,0,0,,,,,no_current_flag,0,0.556
7594643678166060318,,Oxycodone,oxy,0.82,0,No clear misuse evidence,,,,,not_run_for_this_video,,,,15,0,,,,,needs_human_validation,16,0.778
7594749413617175821,,,,,0,No clear misuse evidence,,,,,not_run_for_this_video,,,,0,0,,,,,no_current_flag,0,0.556
7594762855203802390,,,,,0,No clear misuse evidence,,,,,not_run_for_this_video,,,,0,0,,,,,no_current_flag,0,0.556
7594767610625936662,,,,,0,No clear misuse evidence,,,,,not_run_for_this_video,,,,0,0,,,,,no_current_flag,0,0.556
7594776670733634823,,,,,0,No clear misuse evidence,,,,,not_run_for_this_video,,,,0,0,,,,,no_current_flag,0,0.556
7594838292902726926,,,,,0,No clear misuse evidence,,,,,not_run_for_this_video,,,,0,0,,,,,no_current_flag,0,0.556
7594879130315787542,,,,,0,No clear misuse evidence,,,,,not_run_for_this_video,,,,0,0,,,,,no_current_flag,0,0.556
7594935779147779383,,,,,0,No clear misuse evidence,,,,,not_run_for_this_video,,,,0,0,,,,,no_current_flag,0,0.556
7595003520407932215,,Marijuana Concentrates,cart,0.82,0,No clear misuse evidence,,,,,not_run_for_this_video,,,,5,0,,,,,needs_human_validation,6,0.778
7595008071844252942,,,,,0,No clear misuse evidence,,,,,not_run_for_this_video,,,,0,0,,,,,no_current_flag,0,0.556
7595046494420421919,,Oxycodone,perk,0.82,0,No clear misuse evidence,,,,,not_run_for_this_video,,,,5,0,,,,,needs_human_validation,6,0.778
7595111270936792350,,,,,0,No clear misuse evidence,,,,,not_run_for_this_video,,,,0,0,,,,,no_current_flag,0,0.556
7595202093183536402,,,,,0,No clear misuse evidence,,,,,not_run_for_this_video,,,,0,0,,,,,no_current_flag,0,0.556
7595212393936882999,,Psilocybin Mushrooms,Psilocybin Mushrooms,0.88,0,No clear misuse evidence,,,,,not_run_for_this_video,,,,36,0,,,,,needs_human_validation,34,0.778
7595234161703587094,,,,,0,No clear misuse evidence,,,,,not_run_for_this_video,,,,0,0,,,,,no_current_flag,0,0.556
7595249360212872470,,,,,0,No clear misuse evidence,,,,,not_run_for_this_video,,,,0,0,,,,,no_current_flag,0,0.556
7595260507947404566,,,,,0,No clear misuse evidence,,,,,not_run_for_this_video,,,,0,0,,,,,no_current_flag,0,0.556
7595273604904815904,,,,,0,No clear misuse evidence,,,,,not_run_for_this_video,,,,0,0,,,,,no_current_flag,0,0.556
7595276706475248918,,,,,0,No clear misuse evidence,,,,,not_run_for_this_video,,,,0,0,,,,,no_current_flag,0,0.556
7595345511943654664,,,,,0,No clear misuse evidence,,,,,not_run_for_this_video,,,,0,0,,,,,no_current_flag,0,0.556
7595366779363331359,,,,,0,No clear misuse evidence,,,,,not_run_for_this_video,,,,0,0,,,,,no_current_flag,0,0.556
7595377473383091487,,,,,0,No clear misuse evidence,,,,,not_run_for_this_video,,,,0,0,,,,,no_current_flag,0,0.556
7595395029745667346,,,,,0,No clear misuse evidence,,,,,not_run_for_this_video,,,,0,0,,,,,no_current_flag,0,0.556
7595447235626667284,,,,,0,No clear misuse evidence,,,,,not_run_for_this_video,,,,0,0,,,,,no_current_flag,0,0.556
7595449904583986462,,,,,0,No clear misuse evidence,,,,,not_run_for_this_video,,,,0,0,,,,,no_current_flag,0,0.556
7595630898100407583,,,,,0,No clear misuse evidence,,,,,not_run_for_this_video,,,,0,0,,,,,no_current_flag,0,0.556
7595634493898116374,,,,,0,No clear misuse evidence,,,,,not_run_for_this_video,,,,0,0,,,,,no_current_flag,0,0.556
7595635117595413793,,,,,0,No clear misuse evidence,,,,,not_run_for_this_video,,,,0,0,,,,,no_current_flag,0,0.556
7595649192618413344,,,,,0,No clear misuse evidence,,,,,not_run_for_this_video,,,,0,0,,,,,no_current_flag,0,0.556
7595679874681965854,,,,,0,No clear misuse evidence,,,,,not_run_for_this_video,,,,0,0,,,,,no_current_flag,0,0.556
7595681491938479374,,,,,0,No clear misuse evidence,,,,,not_run_for_this_video,,,,0,0,,,,,no_current_flag,0,0.556
7595710897121660182,,CBD,CBD,0.88,0,No clear misuse evidence,,,,,not_run_for_this_video,,,,5,0,,,,,needs_human_validation,4,0.778
7595712878682967318,,,,,0,No clear misuse evidence,,,,,not_run_for_this_video,,,,0,0,,,,,no_current_flag,0,0.556
7595812755345542418,,,,,0,No clear misuse evidence,,,,,not_run_for_this_video,,,,0,0,,,,,no_current_flag,0,0.556
7595913256011681035,,,,,0,No clear misuse evidence,,,,,not_run_for_this_video,,,,0,0,,,,,no_current_flag,0,0.556
7595976026887294230,,,,,0,No clear misuse evidence,,,,,not_run_for_this_video,,,,0,0,,,,,no_current_flag,0,0.556
7595990959935065366,,,,,0,No clear misuse evidence,,,,,not_run_for_this_video,,,,0,0,,,,,no_current_flag,0,0.556
7596032496374959415,,,,,0,No clear misuse evidence,,,,,not_run_for_this_video,,,,0,0,,,,,no_current_flag,0,0.556
7596120702252502280,,,,,0,No clear misuse evidence,,,,,not_run_for_this_video,,,,0,0,,,,,no_current_flag,0,0.556
7596140554115747080,,,,,0,No clear misuse evidence,,,,,not_run_for_this_video,,,,0,0,,,,,no_current_flag,0,0.556
7596141699328462111,,,,,0,No clear misuse evidence,,,,,not_run_for_this_video,,,,0,0,,,,,no_current_flag,0,0.556
7596147189756349726,,,,,0,No clear misuse evidence,,,,,not_run_for_this_video,,,,0,0,,,,,no_current_flag,0,0.556
7596193331525324046,,,,,0,No clear misuse evidence,,,,,not_run_for_this_video,,,,0,0,,,,,no_current_flag,0,0.556
7596194437248732438,,,,,0,No clear misuse evidence,,,,,not_run_for_this_video,,,,0,0,,,,,no_current_flag,0,0.556
7596209085750496567,,,,,0,No clear misuse evidence,,,,,not_run_for_this_video,,,,0,0,,,,,no_current_flag,0,0.556
7596240031879105810,,,,,0,No clear misuse evidence,,,,,not_run_for_this_video,,,,0,0,,,,,no_current_flag,0,0.556
7596323804981284114,,,,,0,No clear misuse evidence,,,,,not_run_for_this_video,,,,0,0,,,,,no_current_flag,0,0.556
7596325084814413069,,,,,0,No clear misuse evidence,,,,,not_run_for_this_video,,,,0,0,,,,,no_current_flag,0,0.556
7596330469130636575,,,,,0,No clear misuse evidence,,,,,not_run_for_this_video,,,,0,0,,,,,no_current_flag,0,0.556
7596398601740258573,,,,,0,No clear misuse evidence,,,,,not_run_for_this_video,,,,0,0,,,,,no_current_flag,0,0.556
7596421907990318392,,,,,0,No clear misuse evidence,,,,,not_run_for_this_video,,,,0,0,,,,,no_current_flag,0,0.556
7596500505543724302,,,,,0,No clear misuse evidence,,,,,not_run_for_this_video,,,,0,0,,,,,no_current_flag,0,0.556
7596503415799303437,,,,,0,No clear misuse evidence,,,,,not_run_for_this_video,,,,0,0,,,,,no_current_flag,0,0.556
7596541711170456850,,,,,0,No clear misuse evidence,,,,,not_run_for_this_video,,,,0,0,,,,,no_current_flag,0,0.556
7596724678408932621,,Methamphetamine,Ice,0.62,0,No clear misuse evidence,,,,,not_run_for_this_video,,,,5,0,,,,,needs_human_validation,6,0.778
7596958886117100808,,,,,0,No clear misuse evidence,,,,,not_run_for_this_video,,,,0,0,,,,,no_current_flag,0,0.556
7596975645867904264,,,,,0,No clear misuse evidence,,,,,not_run_for_this_video,,,,0,0,,,,,no_current_flag,0,0.556
7597056589702466838,,,,,0,No clear misuse evidence,,,,,not_run_for_this_video,,,,0,0,,,,,no_current_flag,0,0.556
7597074210715913527,,,,,0,No clear misuse evidence,,,,,not_run_for_this_video,,,,0,0,,,,,no_current_flag,0,0.556
simvid_05ef2fefb8c6f94e,dryrun://vidseed_84e4e7c38ea32866,alpha-hydroxyalprazolam,bars,0.78,2,Misuse-related evidence,0.92,,,,preview_request_available,2.0,2.0,0.0486,3,3,,Coping with anxiety and high arousal without substances,coping_skills,0.753534,needs_human_validation,8,0.889
simvid_075e27ed326bfaba,dryrun://vidseed_fcfbbae2dfc95c86,Methamphetamine,ice,0.78,2,Misuse-related evidence,0.9791,,,,preview_request_available,2.0,0.0,0.2286,0,0,,Why not to use: short prevention explainer,prevention_basics,0.513623,needs_human_validation,3,0.667
simvid_0f77bfc313d73505,dryrun://vidseed_189a6decd4455a9b,,,,2,Misuse-related evidence,0.9093,,,,preview_request_available,2.0,1.0,0.3207,0,0,,Coping with anxiety and high arousal without substances,coping_skills,0.791618,needs_human_validation,3,0.556
simvid_13ca39186fb12449,dryrun://vidseed_65c92a6b4d42347d,Amphetamine,amphetamine,0.9,0,No clear misuse evidence,0.92,,,,preview_request_available,0.0,0.0,0.228,0,0,,Why not to use: short prevention explainer,prevention_basics,0.412412,needs_human_validation,1,0.556
simvid_1819b2a3435c39c9,dryrun://vidseed_cf63d24376f17c67,LSD,trip,0.78,2,Misuse-related evidence,1.0,,,,preview_request_available,2.0,3.0,0.2286,8,8,,Coping with anxiety and high arousal without substances,coping_skills,0.782834,needs_human_validation,19,0.889
simvid_1e0061f96c8387a0,dryrun://vidseed_c41db5b59e419c6e,Cocaine,cocaine,0.9,0,No clear misuse evidence,0.92,,,,preview_request_available,0.0,0.0,0.228,0,0,,Why not to use: short prevention explainer,prevention_basics,0.412412,needs_human_validation,1,0.556
simvid_1f5a3f859a636c36,dryrun://vidseed_c41db5b59e419c6e,Cocaine,cocaine,0.9,0,No clear misuse evidence,0.92,,,,preview_request_available,0.0,0.0,0.228,0,0,,Why not to use: short prevention explainer,prevention_basics,0.412412,needs_human_validation,1,0.556
simvid_20e96ff281757c1a,dryrun://vidseed_ac14a6fc1fba437a,Marijuana\Cannabis,thc,0.78,2,Misuse-related evidence,1.0,,,,preview_request_available,2.0,0.0,0.1887,0,0,,Why not to use: short prevention explainer,prevention_basics,0.510609,needs_human_validation,3,0.667
simvid_257d0c850c9a39a4,dryrun://vidseed_8a25da0740c4d70f,Marijuana\Cannabis,cart,0.78,2,Misuse-related evidence,1.0,,,,preview_request_available,2.0,1.0,0.2086,1,1,,Why not to use: short prevention explainer,prevention_basics,0.553301,needs_human_validation,5,0.889
simvid_2641cbb27bd0be0a,dryrun://vidseed_2266a6bd93b76479,delta-9-THC-COOH,pot,0.78,2,Misuse-related evidence,0.5355,,,,preview_request_available,2.0,1.0,0.6223,0,0,,Why not to use: short prevention explainer,prevention_basics,0.58687,needs_human_validation,3,0.667
simvid_26a0a7602fd101eb,dryrun://vidseed_2266a6bd93b76479,delta-9-THC-COOH,pot,0.78,2,Misuse-related evidence,0.5355,,,,preview_request_available,2.0,1.0,0.6223,0,0,,Why not to use: short prevention explainer,prevention_basics,0.58687,needs_human_validation,3,0.667
simvid_27207a7a2a28241e,dryrun://vidseed_42b561d98e99fee3,delta-9-THC-COOH,pot,0.78,2,Misuse-related evidence,0.9945,,,,preview_request_available,2.0,1.0,0.2219,0,0,,Why not to use: short prevention explainer,prevention_basics,0.554312,needs_human_validation,3,0.667
simvid_2cbd223428865c78,dryrun://vidseed_85a8ed4b7002cd52,Amphetamine,amy,0.78,2,Misuse-related evidence,0.9675,,,,preview_request_available,2.0,3.0,0.267,3,3,,Coping with anxiety and high arousal without substances,coping_skills,0.78657,needs_human_validation,9,0.889
simvid_2e967068a2d85f11,dryrun://vidseed_03ee46570d1903a5,delta-9-THC-COOH,pot,0.78,2,Misuse-related evidence,1.0,,,,preview_request_available,2.0,1.0,0.2086,0,0,,Why not to use: short prevention explainer,prevention_basics,0.553301,needs_human_validation,3,0.667
simvid_2f8d4284ac29f4e5,dryrun://vidseed_f2ef9c85b0df8bf9,Marijuana\Cannabis,cart,0.78,2,Misuse-related evidence,1.0,,,,preview_request_available,2.0,1.0,0.2086,0,0,,Why not to use: short prevention explainer,prevention_basics,0.553301,needs_human_validation,3,0.667
simvid_321c1204e936b3f6,dryrun://vidseed_2266a6bd93b76479,delta-9-THC-COOH,pot,0.78,2,Misuse-related evidence,0.5355,,,,preview_request_available,2.0,1.0,0.6223,0,0,,Why not to use: short prevention explainer,prevention_basics,0.58687,needs_human_validation,3,0.667
simvid_3d80f8a7777c766b,dryrun://vidseed_cf63d24376f17c67,LSD,trip,0.78,2,Misuse-related evidence,1.0,,,,preview_request_available,2.0,3.0,0.2286,8,8,,Coping with anxiety and high arousal without substances,coping_skills,0.782834,needs_human_validation,19,0.889
simvid_3fad4e928781e0eb,dryrun://vidseed_a85d9560c0736d7c,Marijuana\Cannabis,thc,0.78,2,Misuse-related evidence,0.9596,,,,preview_request_available,2.0,1.0,0.2777,0,0,,Why not to use: short prevention explainer,prevention_basics,0.558562,needs_human_validation,3,0.667
simvid_4873d1cb80c4aeef,dryrun://vidseed_72aa1fcc2fc89eb9,Heroin,white,0.78,2,Misuse-related evidence,0.9991,,,,preview_request_available,2.0,1.0,0.2113,1,1,,Why not to use: short prevention explainer,prevention_basics,0.553503,needs_human_validation,5,0.889
simvid_512f2d94c88fb11d,dryrun://vidseed_bd8f3ebedc88d4cb,,,,2,Misuse-related evidence,0.9715,,,,preview_request_available,2.0,1.0,0.2404,0,0,,Coping with anxiety and high arousal without substances,coping_skills,0.785361,needs_human_validation,3,0.556
simvid_524d15bdd2f4a37a,dryrun://vidseed_8df64991897ba73d,Marijuana\Cannabis,cart,0.78,2,Misuse-related evidence,0.5028,,,,preview_request_available,2.0,1.0,0.6374,1,1,,Why not to use: short prevention explainer,prevention_basics,0.588242,needs_human_validation,5,0.889
simvid_55a50faaf2e48957,dryrun://vidseed_bd8f3ebedc88d4cb,,,,2,Misuse-related evidence,0.9715,,,,preview_request_available,2.0,1.0,0.2404,0,0,,Coping with anxiety and high arousal without substances,coping_skills,0.785361,needs_human_validation,3,0.556
simvid_56468764df647bf8,dryrun://vidseed_12a8dbba2e722dcb,LSD,trip,0.78,2,Misuse-related evidence,0.8434,,,,preview_request_available,2.0,1.0,0.389,2,2,,Why not to use: short prevention explainer,prevention_basics,0.526227,needs_human_validation,7,0.889
simvid_5b34af6b85bb3000,dryrun://vidseed_189a6decd4455a9b,,,,2,Misuse-related evidence,0.9093,,,,preview_request_available,2.0,1.0,0.3207,0,0,,Coping with anxiety and high arousal without substances,coping_skills,0.791618,needs_human_validation,3,0.556
simvid_5c7cea57bdcb1b89,dryrun://vidseed_85a8ed4b7002cd52,Amphetamine,amy,0.78,2,Misuse-related evidence,0.9675,,,,preview_request_available,2.0,3.0,0.267,3,3,,Coping with anxiety and high arousal without substances,coping_skills,0.78657,needs_human_validation,9,0.889
simvid_6297a39ee873c6de,dryrun://vidseed_84e4e7c38ea32866,alpha-hydroxyalprazolam,bars,0.78,2,Misuse-related evidence,0.92,,,,preview_request_available,2.0,2.0,0.0486,3,3,,Coping with anxiety and high arousal without substances,coping_skills,0.753534,needs_human_validation,8,0.889
simvid_722512c82013e7d9,dryrun://vidseed_616098d36674d925,delta-9-THC-COOH,weed,0.78,2,Misuse-related evidence,1.0,,,,preview_request_available,2.0,0.0,0.1886,0,0,,Why not to use: short prevention explainer,prevention_basics,0.510601,needs_human_validation,3,0.667
simvid_74ad1c45c79fe512,dryrun://vidseed_14f078ee62e40f7f,Acetaminophen and Oxycodone (Percocet®),blue,0.78,2,Misuse-related evidence,0.5016,,,,preview_request_available,2.0,1.0,0.6384,2,2,,Why not to use: short prevention explainer,prevention_basics,0.588322,needs_human_validation,7,0.889
simvid_7afc8de91d8d4ddb,dryrun://vidseed_a919739a1c5883f7,delta-9-THC-COOH,weed,0.78,2,Misuse-related evidence,0.92,,,,preview_request_available,2.0,2.0,0.0513,0,0,,Coping with anxiety and high arousal without substances,coping_skills,0.753713,needs_human_validation,2,0.667
simvid_8038820a5ba7cd61,dryrun://vidseed_ac6155bce0ff6e67,LSD,trip,0.78,2,Misuse-related evidence,1.0,,,,preview_request_available,2.0,1.0,0.2086,2,2,,Why not to use: short prevention explainer,prevention_basics,0.553301,needs_human_validation,7,0.889
simvid_8c535e0961e4509d,dryrun://vidseed_ac14a6fc1fba437a,Marijuana\Cannabis,thc,0.78,2,Misuse-related evidence,1.0,,,,preview_request_available,2.0,0.0,0.1887,0,0,,Why not to use: short prevention explainer,prevention_basics,0.510609,needs_human_validation,3,0.667
simvid_8e710e939cf162d4,dryrun://vidseed_fe121bf26331d033,MDMA (Ecstasy),roll,0.78,2,Misuse-related evidence,0.9815,,,,preview_request_available,2.0,0.0,0.2246,0,0,,Why not to use: short prevention explainer,prevention_basics,0.513321,needs_human_validation,3,0.667
simvid_9162f7e5b43b4ec6,dryrun://vidseed_cf63d24376f17c67,LSD,trip,0.78,2,Misuse-related evidence,1.0,,,,preview_request_available,2.0,3.0,0.2286,8,8,,Coping with anxiety and high arousal without substances,coping_skills,0.782834,needs_human_validation,19,0.889
simvid_9941964a4310c750,dryrun://vidseed_ac6155bce0ff6e67,LSD,tabs,0.78,2,Misuse-related evidence,1.0,,,,preview_request_available,2.0,1.0,0.2086,2,2,,Why not to use: short prevention explainer,prevention_basics,0.553301,needs_human_validation,7,0.889
simvid_a1cb3935f7e3d6da,dryrun://vidseed_cf63d24376f17c67,LSD,trip,0.78,2,Misuse-related evidence,1.0,,,,preview_request_available,2.0,3.0,0.2286,8,8,,Coping with anxiety and high arousal without substances,coping_skills,0.782834,needs_human_validation,19,0.889
simvid_a246d38ffd751417,dryrun://vidseed_75fd0657d07ee708,Crack Cocaine,blow,0.78,2,Misuse-related evidence,0.7426,,,,preview_request_available,2.0,0.0,0.4746,0,0,,Why not to use: short prevention explainer,prevention_basics,0.533217,needs_human_validation,3,0.667
simvid_a490c42fe136b410,dryrun://vidseed_f8f4f1b7c8952a40,Fentanyl and Derivatives (e.g.; meta‑Fluorofentanyl; Acryloylfentanyl),crazy,0.78,0,No clear misuse evidence,0.92,,,,preview_request_available,0.0,0.0,0.228,0,0,,Why not to use: short prevention explainer,prevention_basics,0.412412,needs_human_validation,1,0.556
simvid_a6d34d02b45fa183,dryrun://vidseed_e69a8045f6728382,Marijuana\Cannabis,cart,0.78,2,Misuse-related evidence,1.0,,,,preview_request_available,2.0,3.0,0.2086,0,0,,Coping with anxiety and high arousal without substances,coping_skills,0.782134,needs_human_validation,3,0.667
simvid_ad9271d77d657830,dryrun://vidseed_cf63d24376f17c67,LSD,trip,0.78,2,Misuse-related evidence,1.0,,,,preview_request_available,2.0,3.0,0.2286,8,8,,Coping with anxiety and high arousal without substances,coping_skills,0.782834,needs_human_validation,19,0.889
simvid_b34e6381ac07a428,dryrun://vidseed_616098d36674d925,,,,2,Misuse-related evidence,1.0,,,,preview_request_available,2.0,0.0,0.1886,0,0,,Why not to use: short prevention explainer,prevention_basics,0.510601,needs_human_validation,3,0.556
simvid_b77b3153882ffcd3,dryrun://vidseed_1faad6e5a51ff741,delta-9-THC-COOH,weed,0.78,2,Misuse-related evidence,0.965,,,,preview_request_available,2.0,1.0,0.2738,0,0,,Why not to use: short prevention explainer,prevention_basics,0.558298,needs_human_validation,3,0.667
simvid_b9fde107cbdaa6d3,dryrun://vidseed_4ec51ddb670e9302,MDMA (Ecstasy),roll,0.78,2,Misuse-related evidence,0.8331,,,,preview_request_available,2.0,0.0,0.3986,2,2,,Why not to use: short prevention explainer,prevention_basics,0.527003,needs_human_validation,7,0.889
simvid_bde608b848688a0c,dryrun://vidseed_a85d9560c0736d7c,Marijuana\Cannabis,thc,0.78,2,Misuse-related evidence,0.9596,,,,preview_request_available,2.0,1.0,0.2777,0,0,,Why not to use: short prevention explainer,prevention_basics,0.558562,needs_human_validation,3,0.667
simvid_c0759658cacd312e,dryrun://vidseed_2c2f790e7489de5e,Amphetamine,amy,0.78,2,Misuse-related evidence,1.0,,,,preview_request_available,2.0,1.0,0.2086,2,2,,Why not to use: short prevention explainer,prevention_basics,0.553301,needs_human_validation,7,0.889
simvid_c2d04aa9c78a48db,dryrun://vidseed_e69a8045f6728382,Marijuana\Cannabis,cart,0.78,2,Misuse-related evidence,1.0,,,,preview_request_available,2.0,3.0,0.2086,0,0,,Coping with anxiety and high arousal without substances,coping_skills,0.782134,needs_human_validation,3,0.667
simvid_c92ab6b50a3fb8d0,dryrun://vidseed_fcfbbae2dfc95c86,Crack Cocaine,smoke,0.78,2,Misuse-related evidence,0.9791,,,,preview_request_available,2.0,0.0,0.2286,0,0,,Why not to use: short prevention explainer,prevention_basics,0.513623,needs_human_validation,3,0.667
simvid_cd3a7340b1711074,dryrun://vidseed_616098d36674d925,delta-9-THC-COOH,weed,0.78,2,Misuse-related evidence,1.0,,,,preview_request_available,2.0,0.0,0.1886,0,0,,Why not to use: short prevention explainer,prevention_basics,0.510601,needs_human_validation,3,0.667
simvid_d54cc16739ed7b8e,dryrun://vidseed_7c85c1d4b17ad6dd,Promethazine,lean,0.78,2,Misuse-related evidence,0.943,,,,preview_request_available,2.0,1.0,0.2999,1,1,,Why not to use: short prevention explainer,prevention_basics,0.560288,needs_human_validation,5,0.889
simvid_e8b6373e37e86200,dryrun://vidseed_03ee46570d1903a5,delta-9-THC-COOH,pot,0.78,2,Misuse-related evidence,1.0,,,,preview_request_available,2.0,1.0,0.2086,0,0,,Why not to use: short prevention explainer,prevention_basics,0.553301,needs_human_validation,3,0.667
simvid_eb6121356af440f3,dryrun://vidseed_1f2cfde0dfdf3f00,Alprazolam (Xanax®),bricks,0.78,3,High-risk / explicit review,0.4999,,,,preview_request_available,3.0,1.0,0.7104,0,0,,Human review required: route to support resources,human_review_gate,0.637,needs_human_validation,3,0.667
simvid_f027a3516e5634ee,dryrun://vidseed_65c92a6b4d42347d,Amphetamine,amphetamine,0.9,0,No clear misuse evidence,0.92,,,,preview_request_available,0.0,0.0,0.228,0,0,,Why not to use: short prevention explainer,prevention_basics,0.412412,needs_human_validation,1,0.556
simvid_f1f52a8acc0e611e,dryrun://vidseed_1faad6e5a51ff741,delta-9-THC-COOH,weed,0.78,2,Misuse-related evidence,0.965,,,,preview_request_available,2.0,1.0,0.2738,0,0,,Why not to use: short prevention explainer,prevention_basics,0.558298,needs_human_validation,3,0.667
simvid_f665a307aa190622,dryrun://vidseed_99896f78fea2f20e,Crack Cocaine,blow,0.78,1,Weak / ambiguous drug reference,0.8269,,,,preview_request_available,1.0,2.0,0.5316,2,2,,Why not to use: short prevention explainer,prevention_basics,0.534674,needs_human_validation,7,0.889
simvid_f70198a9e04fc099,dryrun://vidseed_616098d36674d925,,,,2,Misuse-related evidence,1.0,,,,preview_request_available,2.0,0.0,0.1886,0,0,,Why not to use: short prevention explainer,prevention_basics,0.510601,needs_human_validation,3,0.556
simvid_f9a411bef0985eec,dryrun://vidseed_a919739a1c5883f7,delta-9-THC-COOH,weed,0.78,2,Misuse-related evidence,0.92,,,,preview_request_available,2.0,2.0,0.0513,0,0,,Coping with anxiety and high arousal without substances,coping_skills,0.753713,needs_human_validation,2,0.667
simvid_fed1e38eb9de584c,dryrun://vidseed_8eeff9db4ee0d4d9,Acetaminophen and Oxycodone (Percocet®),blue,0.78,2,Misuse-related evidence,0.9999,,,,preview_request_available,2.0,0.0,0.2089,1,1,,Why not to use: short prevention explainer,prevention_basics,0.553324,needs_human_validation,5,0.889
